IVM_CLI_CIUDAD,IVM_PRO_MARCA,IVM_ALM_CIUDAD,IVM_CANAL
24 DE MAYO,BAVARO,CUENCA,DISTRIBUIDORES
ALFREDO BAQUERIZO MORENO (JUJAN),440,GUAYAQUIL,COBERTURA
ALFREDO BAQUERIZO MORENO (JUJAN),593,GUAYAQUIL,COBERTURA
ALFREDO BAQUERIZO MORENO (JUJAN),FRUIT,GUAYAQUIL,COBERTURA
ALFREDO BAQUERIZO MORENO (JUJAN),FUSSION,GUAYAQUIL,COBERTURA
ALFREDO BAQUERIZO MORENO (JUJAN),IMPERIAL,GUAYAQUIL,COBERTURA
AMBATO,440,CUENCA,DISTRIBUIDORES
AMBATO,440,QUITO,DISTRIBUIDORES
AMBATO,593,CUENCA,DISTRIBUIDORES
AMBATO,AJ.MARCA,CUENCA,DISTRIBUIDORES
AMBATO,AJ.MARCA,QUITO,DISTRIBUIDORES
AMBATO,ANCLA,CUENCA,DISTRIBUIDORES
AMBATO,ANCLA,QUITO,COBERTURA
AMBATO,BAVARO,QUITO,DISTRIBUIDORES
AMBATO,FRUIT,QUITO,DISTRIBUIDORES
AMBATO,FRUITPUNCH,CUENCA,DISTRIBUIDORES
AMBATO,FRUITPUNCH,QUITO,DISTRIBUIDORES
AMBATO,FRUSS,QUITO,DISTRIBUIDORES
AMBATO,FUSSION,QUITO,DISTRIBUIDORES
AMBATO,GIN,QUITO,DISTRIBUIDORES
AMBATO,IMPERIAL,CUENCA,DISTRIBUIDORES
AMBATO,IMPERIAL,QUITO,DISTRIBUIDORES
AMBATO,LAS ROCAS,CUENCA,DISTRIBUIDORES
AMBATO,LAS ROCAS,QUITO,DISTRIBUIDORES
AMBATO,LATITUD CERO,QUITO,DRAFT
AMBATO,OTROS,QUITO,DRAFT
AMBATO,RON 100F,QUITO,DISTRIBUIDORES
AMBATO,TH2,QUITO,DISTRIBUIDORES
AZOGUES,440,CUENCA,COBERTURA
AZOGUES,440,CUENCA,DISTRIBUIDORES
AZOGUES,440,CUENCA,EMPLEADOS
AZOGUES,AJ.MARCA,CUENCA,COBERTURA
AZOGUES,AJ.MARCA,CUENCA,DISTRIBUIDORES
AZOGUES,BAVARO,CUENCA,DISTRIBUIDORES
AZOGUES,BAVARO,QUITO,DISTRIBUIDORES
AZOGUES,CASTILLO DE LIRA,CUENCA,DISTRIBUIDORES
AZOGUES,DEL MONTE,CUENCA,COBERTURA
AZOGUES,DEL MONTE,CUENCA,DISTRIBUIDORES
AZOGUES,FRUIT,CUENCA,COBERTURA
AZOGUES,FRUIT,CUENCA,DISTRIBUIDORES
AZOGUES,FRUIT,CUENCA,EMPLEADOS
AZOGUES,FRUITPUNCH,CUENCA,COBERTURA
AZOGUES,FRUITPUNCH,CUENCA,DISTRIBUIDORES
AZOGUES,FRUSS,CUENCA,DISTRIBUIDORES
AZOGUES,FRUSS,QUITO,DISTRIBUIDORES
AZOGUES,FUSSION,CUENCA,DISTRIBUIDORES
AZOGUES,FUSSION,GUAYAQUIL,DISTRIBUIDORES
AZOGUES,GASGUA,CUENCA,DISTRIBUIDORES
AZOGUES,GIN,CUENCA,COBERTURA
AZOGUES,GIN,CUENCA,DISTRIBUIDORES
AZOGUES,IMPERIAL,CUENCA,COBERTURA
AZOGUES,IMPERIAL,CUENCA,DISTRIBUIDORES
AZOGUES,IMPERIAL,QUITO,DISTRIBUIDORES
AZOGUES,JOHNNIE WALKER,CUENCA,DISTRIBUIDORES
AZOGUES,LAS ROCAS,CUENCA,COBERTURA
AZOGUES,LAS ROCAS,CUENCA,DISTRIBUIDORES
AZOGUES,LAS ROCAS,GUAYAQUIL,COBERTURA
AZOGUES,RON 100F,CUENCA,COBERTURA
AZOGUES,RON 100F,CUENCA,DISTRIBUIDORES
AZOGUES,RON 100F,QUITO,DISTRIBUIDORES
AZOGUES,SPLASH,CUENCA,COBERTURA
AZOGUES,SUPER COLA,CUENCA,COBERTURA
AZOGUES,SUPER COLA,CUENCA,DISTRIBUIDORES
AZOGUES,UNDURRAGA,CUENCA,DISTRIBUIDORES
BABAHOYO,440,CUENCA,COBERTURA
BABAHOYO,440,GUAYAQUIL,COBERTURA
BABAHOYO,440,QUITO,COBERTURA
BABAHOYO,440,QUITO,DISTRIBUIDORES
BABAHOYO,593,GUAYAQUIL,COBERTURA
BABAHOYO,AJ.MARCA,CUENCA,DISTRIBUIDORES
BABAHOYO,AJ.MARCA,QUITO,DISTRIBUIDORES
BABAHOYO,ANCLA,GUAYAQUIL,COBERTURA
BABAHOYO,BAVARO,GUAYAQUIL,COBERTURA
BABAHOYO,BAVARO,GUAYAQUIL,DISTRIBUIDORES
BABAHOYO,BAVARO,QUITO,DISTRIBUIDORES
BABAHOYO,FRUIT,CUENCA,COBERTURA
BABAHOYO,FRUIT,GUAYAQUIL,COBERTURA
BABAHOYO,FRUIT,GUAYAQUIL,DISTRIBUIDORES
BABAHOYO,FRUIT,QUITO,COBERTURA
BABAHOYO,FRUITPUNCH,GUAYAQUIL,COBERTURA
BABAHOYO,FRUITPUNCH,QUITO,COBERTURA
BABAHOYO,FRUITPUNCH,QUITO,DISTRIBUIDORES
BABAHOYO,FRUSS,GUAYAQUIL,COBERTURA
BABAHOYO,FUSSION,CUENCA,COBERTURA
BABAHOYO,FUSSION,CUENCA,DISTRIBUIDORES
BABAHOYO,FUSSION,GUAYAQUIL,COBERTURA
BABAHOYO,FUSSION,GUAYAQUIL,DISTRIBUIDORES
BABAHOYO,FUSSION,QUITO,COBERTURA
BABAHOYO,FUSSION,QUITO,DISTRIBUIDORES
BABAHOYO,GIN,GUAYAQUIL,COBERTURA
BABAHOYO,IMPERIAL,CUENCA,COBERTURA
BABAHOYO,IMPERIAL,GUAYAQUIL,COBERTURA
BABAHOYO,IMPERIAL,GUAYAQUIL,DISTRIBUIDORES
BABAHOYO,IMPERIAL,QUITO,COBERTURA
BABAHOYO,IMPERIAL,QUITO,DISTRIBUIDORES
BABAHOYO,LAS ROCAS,GUAYAQUIL,COBERTURA
BABAHOYO,LAS ROCAS,GUAYAQUIL,DISTRIBUIDORES
BABAHOYO,RON 100F,GUAYAQUIL,COBERTURA
BABAHOYO,RON 100F,QUITO,DISTRIBUIDORES
BABAHOYO,TH2,GUAYAQUIL,COBERTURA
BABAHOYO,TH2,QUITO,DISTRIBUIDORES
BABAHOYO,VAT 69,GUAYAQUIL,COBERTURA
BOLIVAR,440,GUAYAQUIL,COBERTURA
BOLIVAR,FUSSION,GUAYAQUIL,COBERTURA
BOLIVAR,IMPERIAL,GUAYAQUIL,COBERTURA
BOLIVAR,RON 100F,GUAYAQUIL,COBERTURA
CA?AR,440,CUENCA,DISTRIBUIDORES
CA?AR,440,QUITO,DISTRIBUIDORES
CA?AR,593,CUENCA,COBERTURA
CA?AR,AJ.MARCA,CUENCA,COBERTURA
CA?AR,BAVARO,CUENCA,COBERTURA
CA?AR,BAVARO,GUAYAQUIL,COBERTURA
CA?AR,DEL MONTE,CUENCA,DISTRIBUIDORES
CA?AR,FRUIT,CUENCA,COBERTURA
CA?AR,FRUIT,CUENCA,DISTRIBUIDORES
CA?AR,FRUIT,QUITO,DISTRIBUIDORES
CA?AR,FRUITPUNCH,GUAYAQUIL,COBERTURA
CA?AR,FUSSION,GUAYAQUIL,COBERTURA
CA?AR,GIN,GUAYAQUIL,COBERTURA
CA?AR,IMPERIAL,CUENCA,COBERTURA
CA?AR,IMPERIAL,CUENCA,DISTRIBUIDORES
CA?AR,IMPERIAL,GUAYAQUIL,COBERTURA
CA?AR,IMPERIAL,QUITO,DISTRIBUIDORES
CA?AR,LA PAZ,CUENCA,COBERTURA
CA?AR,LAS ROCAS,CUENCA,COBERTURA
CA?AR,LAS ROCAS,CUENCA,DISTRIBUIDORES
CA?AR,LAS ROCAS,QUITO,COBERTURA
CA?AR,LAS ROCAS,QUITO,DISTRIBUIDORES
CA?AR,LATITUD CERO,CUENCA,COBERTURA
CA?AR,RON 100F,GUAYAQUIL,COBERTURA
CA?AR,SPLASH,QUITO,DISTRIBUIDORES
CA?AR,SUPER COLA,CUENCA,DISTRIBUIDORES
CAYAMBE,440,QUITO,DISTRIBUIDORES
CAYAMBE,FRUIT,QUITO,DISTRIBUIDORES
CAYAMBE,FUSSION,QUITO,DISTRIBUIDORES
CAYAMBE,IMPERIAL,QUITO,DISTRIBUIDORES
CHONE,440,CUENCA,DISTRIBUIDORES
CHONE,440,GUAYAQUIL,DISTRIBUIDORES
CHONE,440,QUITO,DISTRIBUIDORES
CHONE,593,CUENCA,DISTRIBUIDORES
CHONE,593,QUITO,DISTRIBUIDORES
CHONE,AJ.MARCA,QUITO,DISTRIBUIDORES
CHONE,BAVARO,QUITO,DISTRIBUIDORES
CHONE,FRUIT,GUAYAQUIL,DISTRIBUIDORES
CHONE,FRUIT,QUITO,DISTRIBUIDORES
CHONE,FRUITPUNCH,QUITO,DISTRIBUIDORES
CHONE,FUSSION,GUAYAQUIL,DISTRIBUIDORES
CHONE,FUSSION,QUITO,DISTRIBUIDORES
CHONE,IMPERIAL,CUENCA,DISTRIBUIDORES
CHONE,IMPERIAL,GUAYAQUIL,DISTRIBUIDORES
CHONE,IMPERIAL,QUITO,DISTRIBUIDORES
CHONE,JOHNNIE WALKER,QUITO,DISTRIBUIDORES
CHONE,LAS ROCAS,QUITO,DISTRIBUIDORES
CHONE,RON 100F,QUITO,DISTRIBUIDORES
CHONE,UNDURRAGA,QUITO,DISTRIBUIDORES
CHONE,VAT 69,QUITO,DISTRIBUIDORES
COSTA RICA,BODEGAJE & REAJUSTE,CUENCA,EXPORTACIONES
COSTA RICA,LATITUD CERO,CUENCA,EXPORTACIONES
COSTA RICA,LATITUD CERO 4PACK,CUENCA,EXPORTACIONES
COSTA RICA,LATITUD CERO SHOP,CUENCA,EXPORTACIONES
COSTA RICA,LATITUD CERO SOUVENIERS,CUENCA,EXPORTACIONES
COSTA RICA,OTROS PRODUCTOS,CUENCA,EXPORTACIONES
COSTA RICA,SERVICIOS,CUENCA,EXPORTACIONES
COTACACHI,440,QUITO,DISTRIBUIDORES
COTACACHI,BAVARO,QUITO,DISTRIBUIDORES
COTACACHI,FRUIT,QUITO,DISTRIBUIDORES
COTACACHI,FRUITPUNCH,QUITO,DISTRIBUIDORES
COTACACHI,FRUSS,QUITO,DISTRIBUIDORES
COTACACHI,FUSSION,QUITO,DISTRIBUIDORES
COTACACHI,GIN,QUITO,DISTRIBUIDORES
COTACACHI,IMPERIAL,QUITO,DISTRIBUIDORES
COTACACHI,LA PAZ,QUITO,DISTRIBUIDORES
COTACACHI,LAS ROCAS,QUITO,DISTRIBUIDORES
COTACACHI,LATITUD CERO,CUENCA,DISTRIBUIDORES
COTACACHI,LATITUD CERO,QUITO,DISTRIBUIDORES
COTACACHI,RON 100F,QUITO,DISTRIBUIDORES
COTACACHI,TH2,QUITO,DISTRIBUIDORES
CUENCA,440,CUENCA,COBERTURA
CUENCA,440,CUENCA,DISTRIBUIDORES
CUENCA,440,CUENCA,EMPLEADOS
CUENCA,440,CUENCA,INSTITUCIONALES
CUENCA,440,CUENCA,KAM
CUENCA,440,CUENCA,MAYORISTA
CUENCA,440,CUENCA,RETAIL
CUENCA,440,GUAYAQUIL,COBERTURA
CUENCA,440,GUAYAQUIL,DISTRIBUIDORES
CUENCA,440,GUAYAQUIL,EMPLEADOS
CUENCA,440,GUAYAQUIL,INSTITUCIONALES
CUENCA,440,GUAYAQUIL,KAM
CUENCA,440,QUITO,COBERTURA
CUENCA,440,QUITO,DISTRIBUIDORES
CUENCA,440,QUITO,EMPLEADOS
CUENCA,440,QUITO,INSTITUCIONALES
CUENCA,440,QUITO,KAM
CUENCA,440,QUITO,RETAIL
CUENCA,593,CUENCA,COBERTURA
CUENCA,593,CUENCA,DISTRIBUIDORES
CUENCA,593,CUENCA,DRAFT
CUENCA,593,CUENCA,EMPLEADOS
CUENCA,593,CUENCA,EXPORTACIONES
CUENCA,593,CUENCA,INSTITUCIONALES
CUENCA,593,CUENCA,KAM
CUENCA,593,CUENCA,MAYORISTA
CUENCA,593,CUENCA,PROPIOS
CUENCA,593,CUENCA,SIN CATEGORIA/TIPO
CUENCA,593,GUAYAQUIL,COBERTURA
CUENCA,593,GUAYAQUIL,DISTRIBUIDORES
CUENCA,593,GUAYAQUIL,EMPLEADOS
CUENCA,593,GUAYAQUIL,INSTITUCIONALES
CUENCA,593,GUAYAQUIL,MAYORISTA
CUENCA,593,GUAYAQUIL,PROPIOS
CUENCA,593,QUITO,COBERTURA
CUENCA,593,QUITO,DISTRIBUIDORES
CUENCA,593,QUITO,EMPLEADOS
CUENCA,593,QUITO,INSTITUCIONALES
CUENCA,593,QUITO,KAM
CUENCA,593,QUITO,PROPIOS
CUENCA,ACTIVO,CUENCA,DISTRIBUIDORES
CUENCA,ACTIVO,CUENCA,INSTITUCIONALES
CUENCA,AJ.MARCA,CUENCA,COBERTURA
CUENCA,AJ.MARCA,CUENCA,DISTRIBUIDORES
CUENCA,AJ.MARCA,CUENCA,EMPLEADOS
CUENCA,AJ.MARCA,CUENCA,INSTITUCIONALES
CUENCA,AJ.MARCA,CUENCA,KAM
CUENCA,AJ.MARCA,CUENCA,PROPIOS
CUENCA,AJ.MARCA,CUENCA,RETAIL
CUENCA,AJ.MARCA,QUITO,DISTRIBUIDORES
CUENCA,AJ.MARCA,QUITO,INSTITUCIONALES
CUENCA,AJ.MARCA,QUITO,KAM
CUENCA,ANCLA,CUENCA,COBERTURA
CUENCA,ANCLA,CUENCA,DISTRIBUIDORES
CUENCA,ANCLA,CUENCA,EMPLEADOS
CUENCA,ANCLA,CUENCA,INSTITUCIONALES
CUENCA,ANCLA,CUENCA,KAM
CUENCA,ANCLA,CUENCA,PROPIOS
CUENCA,ANCLA,GUAYAQUIL,COBERTURA
CUENCA,ANCLA,GUAYAQUIL,DISTRIBUIDORES
CUENCA,ANCLA,GUAYAQUIL,KAM
CUENCA,ANCLA,GUAYAQUIL,PROPIOS
CUENCA,ANCLA,QUITO,COBERTURA
CUENCA,ANCLA,QUITO,DISTRIBUIDORES
CUENCA,ANCLA,QUITO,EMPLEADOS
CUENCA,ANCLA,QUITO,KAM
CUENCA,ANCLA,QUITO,PROPIOS
CUENCA,BACARDI,CUENCA,EMPLEADOS
CUENCA,BARBANEGRA,CUENCA,DISTRIBUIDORES
CUENCA,BARBANEGRA,CUENCA,EMPLEADOS
CUENCA,BARRIL,CUENCA,COBERTURA
CUENCA,BARRIL,CUENCA,EMPLEADOS
CUENCA,BARRIL,CUENCA,INSTITUCIONALES
CUENCA,BARRIL,CUENCA,PROPIOS
CUENCA,BAVARO,CUENCA,COBERTURA
CUENCA,BAVARO,CUENCA,DISTRIBUIDORES
CUENCA,BAVARO,CUENCA,EMPLEADOS
CUENCA,BAVARO,CUENCA,INSTITUCIONALES
CUENCA,BAVARO,GUAYAQUIL,COBERTURA
CUENCA,BAVARO,GUAYAQUIL,DISTRIBUIDORES
CUENCA,BAVARO,GUAYAQUIL,EMPLEADOS
CUENCA,BAVARO,QUITO,DISTRIBUIDORES
CUENCA,BAVARO,QUITO,EMPLEADOS
CUENCA,BODEGAJE & REAJUSTE,CUENCA,DISTRIBUIDORES
CUENCA,BOTELLA,CUENCA,COBERTURA
CUENCA,BOTELLA,CUENCA,DISTRIBUIDORES
CUENCA,BOTELLA,CUENCA,EMPLEADOS
CUENCA,BOTELLA,CUENCA,INSTITUCIONALES
CUENCA,BOTELLA,CUENCA,PROPIOS
CUENCA,BOTELLA,GUAYAQUIL,EMPLEADOS
CUENCA,BREWDOG,CUENCA,DISTRIBUIDORES
CUENCA,CALAMARES,CUENCA,COBERTURA
CUENCA,CALAMARES,CUENCA,DISTRIBUIDORES
CUENCA,CALAMARES,CUENCA,EMPLEADOS
CUENCA,CALAMARES,CUENCA,INSTITUCIONALES
CUENCA,CALAMARES,CUENCA,KAM
CUENCA,CALAMARES,QUITO,KAM
CUENCA,CASTILLO DE LIRA,CUENCA,COBERTURA
CUENCA,CASTILLO DE LIRA,CUENCA,DISTRIBUIDORES
CUENCA,CERVEZA,CUENCA,DISTRIBUIDORES
CUENCA,CERVEZA,CUENCA,INSTITUCIONALES
CUENCA,CONEJO,CUENCA,PROPIOS
CUENCA,CRYMS,CUENCA,DISTRIBUIDORES
CUENCA,CRYMS,CUENCA,EMPLEADOS
CUENCA,DEL MONTE,CUENCA,COBERTURA
CUENCA,DEL MONTE,CUENCA,DISTRIBUIDORES
CUENCA,DEL MONTE,CUENCA,EMPLEADOS
CUENCA,DEL MONTE,CUENCA,INSTITUCIONALES
CUENCA,DEL MONTE,CUENCA,KAM
CUENCA,DEL MONTE,CUENCA,OFICINA/DETALLISTA
CUENCA,DEL MONTE,GUAYAQUIL,KAM
CUENCA,DEL MONTE,QUITO,COBERTURA
CUENCA,DEL MONTE,QUITO,DISTRIBUIDORES
CUENCA,DEL MONTE,QUITO,EMPLEADOS
CUENCA,DEL MONTE,QUITO,KAM
CUENCA,DYC,CUENCA,EMPLEADOS
CUENCA,EL KARNAL,CUENCA,DISTRIBUIDORES
CUENCA,EL KARNAL,CUENCA,EMPLEADOS
CUENCA,EL KARNAL,QUITO,EMPLEADOS
CUENCA,ENLATADOS,CUENCA,DISTRIBUIDORES
CUENCA,ENVASES,CUENCA,DISTRIBUIDORES
CUENCA,ENVASES,CUENCA,EMPLEADOS
CUENCA,ENVASES,QUITO,INSTITUCIONALES
CUENCA,FRUIT,CUENCA,COBERTURA
CUENCA,FRUIT,CUENCA,DISTRIBUIDORES
CUENCA,FRUIT,CUENCA,EMPLEADOS
CUENCA,FRUIT,CUENCA,INSTITUCIONALES
CUENCA,FRUIT,CUENCA,KAM
CUENCA,FRUIT,CUENCA,MAYORISTA
CUENCA,FRUIT,CUENCA,OFICINA/DETALLISTA
CUENCA,FRUIT,CUENCA,PROPIOS
CUENCA,FRUIT,CUENCA,RETAIL
CUENCA,FRUIT,GUAYAQUIL,DISTRIBUIDORES
CUENCA,FRUIT,GUAYAQUIL,INSTITUCIONALES
CUENCA,FRUIT,GUAYAQUIL,KAM
CUENCA,FRUIT,GUAYAQUIL,RETAIL
CUENCA,FRUIT,QUITO,COBERTURA
CUENCA,FRUIT,QUITO,DISTRIBUIDORES
CUENCA,FRUIT,QUITO,EMPLEADOS
CUENCA,FRUIT,QUITO,INSTITUCIONALES
CUENCA,FRUIT,QUITO,KAM
CUENCA,FRUIT,QUITO,RETAIL
CUENCA,FRUITPUNCH,CUENCA,COBERTURA
CUENCA,FRUITPUNCH,CUENCA,DISTRIBUIDORES
CUENCA,FRUITPUNCH,CUENCA,EMPLEADOS
CUENCA,FRUITPUNCH,CUENCA,INSTITUCIONALES
CUENCA,FRUITPUNCH,CUENCA,KAM
CUENCA,FRUITPUNCH,CUENCA,RETAIL
CUENCA,FRUITPUNCH,GUAYAQUIL,COBERTURA
CUENCA,FRUITPUNCH,GUAYAQUIL,DISTRIBUIDORES
CUENCA,FRUITPUNCH,GUAYAQUIL,KAM
CUENCA,FRUITPUNCH,GUAYAQUIL,RETAIL
CUENCA,FRUITPUNCH,QUITO,COBERTURA
CUENCA,FRUITPUNCH,QUITO,DISTRIBUIDORES
CUENCA,FRUITPUNCH,QUITO,EMPLEADOS
CUENCA,FRUITPUNCH,QUITO,INSTITUCIONALES
CUENCA,FRUITPUNCH,QUITO,KAM
CUENCA,FRUITPUNCH,QUITO,RETAIL
CUENCA,FRUSS,CUENCA,COBERTURA
CUENCA,FRUSS,CUENCA,DISTRIBUIDORES
CUENCA,FRUSS,CUENCA,EMPLEADOS
CUENCA,FRUSS,CUENCA,INSTITUCIONALES
CUENCA,FRUSS,CUENCA,KAM
CUENCA,FRUSS,CUENCA,PROPIOS
CUENCA,FRUSS,CUENCA,RETAIL
CUENCA,FRUSS,GUAYAQUIL,COBERTURA
CUENCA,FRUSS,GUAYAQUIL,DISTRIBUIDORES
CUENCA,FRUSS,GUAYAQUIL,EMPLEADOS
CUENCA,FRUSS,GUAYAQUIL,INSTITUCIONALES
CUENCA,FRUSS,GUAYAQUIL,KAM
CUENCA,FRUSS,QUITO,COBERTURA
CUENCA,FRUSS,QUITO,DISTRIBUIDORES
CUENCA,FRUSS,QUITO,INSTITUCIONALES
CUENCA,FRUSS,QUITO,KAM
CUENCA,FUSSION,CUENCA,COBERTURA
CUENCA,FUSSION,CUENCA,DISTRIBUIDORES
CUENCA,FUSSION,CUENCA,EMPLEADOS
CUENCA,FUSSION,CUENCA,INSTITUCIONALES
CUENCA,FUSSION,CUENCA,KAM
CUENCA,FUSSION,GUAYAQUIL,COBERTURA
CUENCA,FUSSION,GUAYAQUIL,DISTRIBUIDORES
CUENCA,FUSSION,GUAYAQUIL,EMPLEADOS
CUENCA,FUSSION,GUAYAQUIL,INSTITUCIONALES
CUENCA,FUSSION,GUAYAQUIL,KAM
CUENCA,FUSSION,QUITO,COBERTURA
CUENCA,FUSSION,QUITO,DISTRIBUIDORES
CUENCA,FUSSION,QUITO,EMPLEADOS
CUENCA,FUSSION,QUITO,INSTITUCIONALES
CUENCA,FUSSION,QUITO,KAM
CUENCA,GASGUA,CUENCA,COBERTURA
CUENCA,GASGUA,CUENCA,DISTRIBUIDORES
CUENCA,GASGUA,CUENCA,EMPLEADOS
CUENCA,GASGUA,CUENCA,INSTITUCIONALES
CUENCA,GASGUA,CUENCA,PROPIOS
CUENCA,GASGUA,CUENCA,RETAIL
CUENCA,GASGUA,GUAYAQUIL,DISTRIBUIDORES
CUENCA,GASGUA,QUITO,INSTITUCIONALES
CUENCA,GASGUA,QUITO,PROPIOS
CUENCA,GENERAL,CUENCA,COBERTURA
CUENCA,GENERAL,CUENCA,DISTRIBUIDORES
CUENCA,GENERAL,CUENCA,EMPLEADOS
CUENCA,GENERAL,CUENCA,INSTITUCIONALES
CUENCA,GENERAL,CUENCA,PROPIOS
CUENCA,GENERAL,CUENCA,RETAIL
CUENCA,GENERAL,GUAYAQUIL,PROPIOS
CUENCA,GENERAL,QUITO,DISTRIBUIDORES
CUENCA,GENERAL,QUITO,EMPLEADOS
CUENCA,GENERAL,QUITO,INSTITUCIONALES
CUENCA,GENERAL,QUITO,PROPIOS
CUENCA,GIN,CUENCA,COBERTURA
CUENCA,GIN,CUENCA,DISTRIBUIDORES
CUENCA,GIN,CUENCA,EMPLEADOS
CUENCA,GIN,CUENCA,INSTITUCIONALES
CUENCA,GIN,CUENCA,KAM
CUENCA,GIN,GUAYAQUIL,DISTRIBUIDORES
CUENCA,GIN,GUAYAQUIL,EMPLEADOS
CUENCA,GIN,GUAYAQUIL,KAM
CUENCA,GIN,QUITO,DISTRIBUIDORES
CUENCA,GIN,QUITO,EMPLEADOS
CUENCA,GIN,QUITO,KAM
CUENCA,HACIENDA LA PAZ,CUENCA,COBERTURA
CUENCA,HACIENDA LA PAZ,CUENCA,EMPLEADOS
CUENCA,HACIENDA LA PAZ,CUENCA,INSTITUCIONALES
CUENCA,ICELAND,CUENCA,DISTRIBUIDORES
CUENCA,ICELAND,CUENCA,EMPLEADOS
CUENCA,ICELAND,GUAYAQUIL,EMPLEADOS
CUENCA,ICELAND,QUITO,EMPLEADOS
CUENCA,IMPERIAL,CUENCA,COBERTURA
CUENCA,IMPERIAL,CUENCA,DISTRIBUIDORES
CUENCA,IMPERIAL,CUENCA,EMPLEADOS
CUENCA,IMPERIAL,CUENCA,INSTITUCIONALES
CUENCA,IMPERIAL,CUENCA,KAM
CUENCA,IMPERIAL,CUENCA,MAYORISTA
CUENCA,IMPERIAL,CUENCA,OFICINA/DETALLISTA
CUENCA,IMPERIAL,CUENCA,PROPIOS
CUENCA,IMPERIAL,CUENCA,RETAIL
CUENCA,IMPERIAL,GUAYAQUIL,COBERTURA
CUENCA,IMPERIAL,GUAYAQUIL,DISTRIBUIDORES
CUENCA,IMPERIAL,GUAYAQUIL,EMPLEADOS
CUENCA,IMPERIAL,GUAYAQUIL,INSTITUCIONALES
CUENCA,IMPERIAL,GUAYAQUIL,KAM
CUENCA,IMPERIAL,GUAYAQUIL,RETAIL
CUENCA,IMPERIAL,QUITO,COBERTURA
CUENCA,IMPERIAL,QUITO,DISTRIBUIDORES
CUENCA,IMPERIAL,QUITO,EMPLEADOS
CUENCA,IMPERIAL,QUITO,INSTITUCIONALES
CUENCA,IMPERIAL,QUITO,KAM
CUENCA,IMPERIAL,QUITO,PROPIOS
CUENCA,IMPERIAL,QUITO,RETAIL
CUENCA,JABAS PLAPASA,CUENCA,COBERTURA
CUENCA,JABAS PLAPASA,CUENCA,DISTRIBUIDORES
CUENCA,JABAS PLAPASA,CUENCA,INSTITUCIONALES
CUENCA,JABAS PLAPASA,CUENCA,PROPIOS
CUENCA,JOHNNIE WALKER,CUENCA,COBERTURA
CUENCA,JOHNNIE WALKER,CUENCA,DISTRIBUIDORES
CUENCA,JOHNNIE WALKER,CUENCA,EMPLEADOS
CUENCA,LA PAZ,CUENCA,COBERTURA
CUENCA,LA PAZ,CUENCA,DISTRIBUIDORES
CUENCA,LA PAZ,CUENCA,DRAFT
CUENCA,LA PAZ,CUENCA,EMPLEADOS
CUENCA,LA PAZ,CUENCA,INSTITUCIONALES
CUENCA,LA PAZ,CUENCA,KAM
CUENCA,LA PAZ,CUENCA,PROPIOS
CUENCA,LA PAZ,CUENCA,SIN CATEGORIA/TIPO
CUENCA,LA PAZ,GUAYAQUIL,COBERTURA
CUENCA,LA PAZ,GUAYAQUIL,DISTRIBUIDORES
CUENCA,LA PAZ,GUAYAQUIL,DRAFT
CUENCA,LA PAZ,GUAYAQUIL,EMPLEADOS
CUENCA,LA PAZ,GUAYAQUIL,KAM
CUENCA,LA PAZ,GUAYAQUIL,MAYORISTA
CUENCA,LA PAZ,GUAYAQUIL,PROPIOS
CUENCA,LA PAZ,QUITO,COBERTURA
CUENCA,LA PAZ,QUITO,DISTRIBUIDORES
CUENCA,LA PAZ,QUITO,EMPLEADOS
CUENCA,LA PAZ,QUITO,KAM
CUENCA,LA PAZ,QUITO,PROPIOS
CUENCA,LAS ROCAS,CUENCA,COBERTURA
CUENCA,LAS ROCAS,CUENCA,DISTRIBUIDORES
CUENCA,LAS ROCAS,CUENCA,EMPLEADOS
CUENCA,LAS ROCAS,CUENCA,INSTITUCIONALES
CUENCA,LAS ROCAS,CUENCA,KAM
CUENCA,LAS ROCAS,CUENCA,PROPIOS
CUENCA,LAS ROCAS,CUENCA,RETAIL
CUENCA,LAS ROCAS,GUAYAQUIL,COBERTURA
CUENCA,LAS ROCAS,GUAYAQUIL,DISTRIBUIDORES
CUENCA,LAS ROCAS,GUAYAQUIL,EMPLEADOS
CUENCA,LAS ROCAS,GUAYAQUIL,INSTITUCIONALES
CUENCA,LAS ROCAS,GUAYAQUIL,KAM
CUENCA,LAS ROCAS,GUAYAQUIL,RETAIL
CUENCA,LAS ROCAS,QUITO,COBERTURA
CUENCA,LAS ROCAS,QUITO,DISTRIBUIDORES
CUENCA,LAS ROCAS,QUITO,EMPLEADOS
CUENCA,LAS ROCAS,QUITO,INSTITUCIONALES
CUENCA,LAS ROCAS,QUITO,KAM
CUENCA,LAS ROCAS,QUITO,RETAIL
CUENCA,LATITUD,CUENCA,COBERTURA
CUENCA,LATITUD,CUENCA,DISTRIBUIDORES
CUENCA,LATITUD,CUENCA,EMPLEADOS
CUENCA,LATITUD,GUAYAQUIL,COBERTURA
CUENCA,LATITUD CERO,CUENCA,COBERTURA
CUENCA,LATITUD CERO,CUENCA,DISTRIBUIDORES
CUENCA,LATITUD CERO,CUENCA,DRAFT
CUENCA,LATITUD CERO,CUENCA,EMPLEADOS
CUENCA,LATITUD CERO,CUENCA,INSTITUCIONALES
CUENCA,LATITUD CERO,CUENCA,KAM
CUENCA,LATITUD CERO,CUENCA,PROPIOS
CUENCA,LATITUD CERO,GUAYAQUIL,COBERTURA
CUENCA,LATITUD CERO,GUAYAQUIL,DISTRIBUIDORES
CUENCA,LATITUD CERO,GUAYAQUIL,DRAFT
CUENCA,LATITUD CERO,GUAYAQUIL,EMPLEADOS
CUENCA,LATITUD CERO,GUAYAQUIL,KAM
CUENCA,LATITUD CERO,GUAYAQUIL,PROPIOS
CUENCA,LATITUD CERO,QUITO,COBERTURA
CUENCA,LATITUD CERO,QUITO,DISTRIBUIDORES
CUENCA,LATITUD CERO,QUITO,KAM
CUENCA,LATITUD CERO,QUITO,PROPIOS
CUENCA,LATITUD CERO 4PACK,CUENCA,DISTRIBUIDORES
CUENCA,LATITUD CERO 4PACK,CUENCA,EMPLEADOS
CUENCA,LATITUD CERO 4PACK,CUENCA,INSTITUCIONALES
CUENCA,LATITUD CERO SHOP,CUENCA,COBERTURA
CUENCA,LATITUD CERO SHOP,CUENCA,DISTRIBUIDORES
CUENCA,LATITUD CERO SHOP,CUENCA,EMPLEADOS
CUENCA,LATITUD CERO SHOP,CUENCA,EXPORTACIONES
CUENCA,LATITUD CERO SHOP,CUENCA,INSTITUCIONALES
CUENCA,LATITUD CERO SHOP,CUENCA,PROPIOS
CUENCA,LATITUD CERO SOUVENIERS,CUENCA,COBERTURA
CUENCA,LATITUD CERO SOUVENIERS,CUENCA,EMPLEADOS
CUENCA,LATITUD CERO SOUVENIERS,CUENCA,INSTITUCIONALES
CUENCA,LATITUD CERO SOUVENIERS,CUENCA,PROPIOS
CUENCA,LATITUD CERO VIDRIO 330,CUENCA,COBERTURA
CUENCA,MAQUILA,QUITO,INSTITUCIONALES
CUENCA,MATERIA PRIMA,CUENCA,COBERTURA
CUENCA,MATERIA PRIMA,CUENCA,INSTITUCIONALES
CUENCA,MATERIA PRIMA,CUENCA,KAM
CUENCA,MATERIA PRIMA,CUENCA,PROPIOS
CUENCA,MATERIAL DE EMPAQUE,CUENCA,DISTRIBUIDORES
CUENCA,MATERIAL DE PRESENTACION,CUENCA,EMPLEADOS
CUENCA,MATERIAL DE PRESENTACION,CUENCA,PROPIOS
CUENCA,MATERIAL INDIRECTO,CUENCA,EMPLEADOS
CUENCA,MONTANITA,CUENCA,COBERTURA
CUENCA,MONTANITA,CUENCA,DISTRIBUIDORES
CUENCA,NECTAR VVK,CUENCA,COBERTURA
CUENCA,NECTAR VVK,CUENCA,EMPLEADOS
CUENCA,NECTAR VVK,QUITO,COBERTURA
CUENCA,OTROS,CUENCA,COBERTURA
CUENCA,OTROS,CUENCA,DISTRIBUIDORES
CUENCA,OTROS,CUENCA,DRAFT
CUENCA,OTROS,CUENCA,EMPLEADOS
CUENCA,OTROS,CUENCA,KAM
CUENCA,OTROS,CUENCA,PROPIOS
CUENCA,OTROS,GUAYAQUIL,DRAFT
CUENCA,OTROS,GUAYAQUIL,KAM
CUENCA,OTROS,QUITO,EMPLEADOS
CUENCA,OTROS,QUITO,KAM
CUENCA,OTROS PRODUCTOS,CUENCA,COBERTURA
CUENCA,OTROS PRODUCTOS,CUENCA,DISTRIBUIDORES
CUENCA,OTROS PRODUCTOS,CUENCA,EMPLEADOS
CUENCA,OTROS PRODUCTOS,CUENCA,INSTITUCIONALES
CUENCA,OTROS PRODUCTOS,CUENCA,KAM
CUENCA,PACK,CUENCA,DISTRIBUIDORES
CUENCA,PLASTICO TERMOENCOGIBLE,CUENCA,INSTITUCIONALES
CUENCA,READY,QUITO,INSTITUCIONALES
CUENCA,RON 100F,CUENCA,COBERTURA
CUENCA,RON 100F,CUENCA,DISTRIBUIDORES
CUENCA,RON 100F,CUENCA,EMPLEADOS
CUENCA,RON 100F,CUENCA,INSTITUCIONALES
CUENCA,RON 100F,CUENCA,KAM
CUENCA,RON 100F,GUAYAQUIL,COBERTURA
CUENCA,RON 100F,GUAYAQUIL,DISTRIBUIDORES
CUENCA,RON 100F,GUAYAQUIL,KAM
CUENCA,RON 100F,QUITO,COBERTURA
CUENCA,RON 100F,QUITO,DISTRIBUIDORES
CUENCA,RON 100F,QUITO,EMPLEADOS
CUENCA,RON 100F,QUITO,INSTITUCIONALES
CUENCA,RON 100F,QUITO,KAM
CUENCA,SANTA RITA,CUENCA,COBERTURA
CUENCA,SANTA RITA,CUENCA,EMPLEADOS
CUENCA,SANTA RITA,QUITO,COBERTURA
CUENCA,SANTA RITA,QUITO,EMPLEADOS
CUENCA,SANTALUCIA,CUENCA,EMPLEADOS
CUENCA,SERVICIOS,CUENCA,DISTRIBUIDORES
CUENCA,SERVICIOS,CUENCA,INSTITUCIONALES
CUENCA,SERVICIOS,CUENCA,KAM
CUENCA,SPLASH,CUENCA,DISTRIBUIDORES
CUENCA,SPLASH,CUENCA,EMPLEADOS
CUENCA,SPLASH,CUENCA,KAM
CUENCA,SPLASH,QUITO,COBERTURA
CUENCA,SPLASH,QUITO,DISTRIBUIDORES
CUENCA,SPLASH,QUITO,KAM
CUENCA,SUPER COLA,CUENCA,COBERTURA
CUENCA,SUPER COLA,CUENCA,DISTRIBUIDORES
CUENCA,SUPER COLA,CUENCA,EMPLEADOS
CUENCA,SUPER COLA,CUENCA,KAM
CUENCA,SUPER COLA,GUAYAQUIL,KAM
CUENCA,SUPER COLA,QUITO,COBERTURA
CUENCA,SUPER COLA,QUITO,KAM
CUENCA,TH2,CUENCA,COBERTURA
CUENCA,TH2,CUENCA,DISTRIBUIDORES
CUENCA,TH2,CUENCA,EMPLEADOS
CUENCA,TH2,CUENCA,INSTITUCIONALES
CUENCA,TH2,CUENCA,KAM
CUENCA,TH2,CUENCA,RETAIL
CUENCA,TH2,GUAYAQUIL,DISTRIBUIDORES
CUENCA,TH2,GUAYAQUIL,EMPLEADOS
CUENCA,TH2,GUAYAQUIL,INSTITUCIONALES
CUENCA,TH2,GUAYAQUIL,KAM
CUENCA,TH2,GUAYAQUIL,RETAIL
CUENCA,TH2,QUITO,DISTRIBUIDORES
CUENCA,TH2,QUITO,INSTITUCIONALES
CUENCA,TH2,QUITO,KAM
CUENCA,TH2,QUITO,RETAIL
CUENCA,UNDURRAGA,CUENCA,COBERTURA
CUENCA,UNDURRAGA,CUENCA,DISTRIBUIDORES
CUENCA,UNDURRAGA,CUENCA,EMPLEADOS
CUENCA,UNDURRAGA,QUITO,EMPLEADOS
CUENCA,VAPE HIGH PROMAX,CUENCA,EMPLEADOS
CUENCA,VAT 69,CUENCA,COBERTURA
CUENCA,VAT 69,CUENCA,DISTRIBUIDORES
CUENCA,VAT 69,CUENCA,EMPLEADOS
CUENCA,VAT 69,GUAYAQUIL,COBERTURA
CUENCA,VAT 69,QUITO,EMPLEADOS
CUMANDA,BAVARO,GUAYAQUIL,COBERTURA
CUMANDA,CASTILLO DE LIRA,GUAYAQUIL,COBERTURA
CUMANDA,FUSSION,GUAYAQUIL,COBERTURA
CUMANDA,IMPERIAL,GUAYAQUIL,COBERTURA
DAULE,440,GUAYAQUIL,COBERTURA
DAULE,440,QUITO,DISTRIBUIDORES
DAULE,593,CUENCA,COBERTURA
DAULE,593,CUENCA,DISTRIBUIDORES
DAULE,593,GUAYAQUIL,COBERTURA
DAULE,593,QUITO,DISTRIBUIDORES
DAULE,ANCLA,CUENCA,DISTRIBUIDORES
DAULE,ANCLA,GUAYAQUIL,COBERTURA
DAULE,BAVARO,GUAYAQUIL,COBERTURA
DAULE,DYC,GUAYAQUIL,COBERTURA
DAULE,FRUIT,GUAYAQUIL,COBERTURA
DAULE,FRUIT,GUAYAQUIL,DISTRIBUIDORES
DAULE,FRUIT,QUITO,DISTRIBUIDORES
DAULE,FRUITPUNCH,GUAYAQUIL,COBERTURA
DAULE,FRUITPUNCH,QUITO,DISTRIBUIDORES
DAULE,FUSSION,GUAYAQUIL,COBERTURA
DAULE,FUSSION,GUAYAQUIL,DISTRIBUIDORES
DAULE,FUSSION,QUITO,DISTRIBUIDORES
DAULE,GIN,GUAYAQUIL,COBERTURA
DAULE,IMPERIAL,GUAYAQUIL,COBERTURA
DAULE,IMPERIAL,QUITO,DISTRIBUIDORES
DAULE,JOHNNIE WALKER,GUAYAQUIL,COBERTURA
DAULE,LAS ROCAS,GUAYAQUIL,COBERTURA
DAULE,MONTANITA,GUAYAQUIL,COBERTURA
DAULE,RON 100F,GUAYAQUIL,COBERTURA
DAULE,VAT 69,GUAYAQUIL,COBERTURA
DURAN,440,GUAYAQUIL,COBERTURA
DURAN,593,GUAYAQUIL,COBERTURA
DURAN,ANCLA,GUAYAQUIL,COBERTURA
DURAN,BAVARO,GUAYAQUIL,COBERTURA
DURAN,CASTILLO DE LIRA,GUAYAQUIL,COBERTURA
DURAN,DYC,GUAYAQUIL,COBERTURA
DURAN,FRUIT,GUAYAQUIL,COBERTURA
DURAN,FRUITPUNCH,GUAYAQUIL,COBERTURA
DURAN,FRUSS,GUAYAQUIL,COBERTURA
DURAN,FUSSION,GUAYAQUIL,COBERTURA
DURAN,GENERAL,GUAYAQUIL,COBERTURA
DURAN,GIN,GUAYAQUIL,COBERTURA
DURAN,IMPERIAL,GUAYAQUIL,COBERTURA
DURAN,IMPERIAL,GUAYAQUIL,DISTRIBUIDORES
DURAN,JOHNNIE WALKER,GUAYAQUIL,COBERTURA
DURAN,LA PAZ,GUAYAQUIL,COBERTURA
DURAN,LAS ROCAS,GUAYAQUIL,COBERTURA
DURAN,LATITUD,GUAYAQUIL,COBERTURA
DURAN,MONTANITA,GUAYAQUIL,COBERTURA
DURAN,RON 100F,GUAYAQUIL,COBERTURA
DURAN,TH2,GUAYAQUIL,COBERTURA
DURAN,UNDURRAGA,GUAYAQUIL,COBERTURA
DURAN,VAT 69,GUAYAQUIL,COBERTURA
EL CARMEN,440,QUITO,DISTRIBUIDORES
EL CARMEN,FRUIT,QUITO,DISTRIBUIDORES
EL CARMEN,FRUITPUNCH,QUITO,DISTRIBUIDORES
EL CARMEN,FRUSS,QUITO,DISTRIBUIDORES
EL CARMEN,FUSSION,QUITO,DISTRIBUIDORES
EL CARMEN,GIN,QUITO,DISTRIBUIDORES
EL CARMEN,IMPERIAL,QUITO,DISTRIBUIDORES
EL CARMEN,LA PAZ,QUITO,DISTRIBUIDORES
EL CARMEN,RON 100F,QUITO,DISTRIBUIDORES
EL CARMEN,TH2,QUITO,DISTRIBUIDORES
EL EMPALME(VELASCO I.),FRUIT,GUAYAQUIL,COBERTURA
EL EMPALME(VELASCO I.),IMPERIAL,GUAYAQUIL,COBERTURA
EL GUABO,440,CUENCA,DISTRIBUIDORES
EL GUABO,440,QUITO,DISTRIBUIDORES
EL GUABO,AJ.MARCA,CUENCA,DISTRIBUIDORES
EL GUABO,BAVARO,GUAYAQUIL,DISTRIBUIDORES
EL GUABO,DEL MONTE,CUENCA,DISTRIBUIDORES
EL GUABO,DEL MONTE,QUITO,DISTRIBUIDORES
EL GUABO,FRUIT,CUENCA,DISTRIBUIDORES
EL GUABO,FRUIT,QUITO,DISTRIBUIDORES
EL GUABO,FUSSION,GUAYAQUIL,DISTRIBUIDORES
EL GUABO,FUSSION,QUITO,DISTRIBUIDORES
EL GUABO,GENERAL,QUITO,DISTRIBUIDORES
EL GUABO,IMPERIAL,CUENCA,DISTRIBUIDORES
EL GUABO,IMPERIAL,QUITO,DISTRIBUIDORES
EL GUABO,JOHNNIE WALKER,CUENCA,DISTRIBUIDORES
EL GUABO,LAS ROCAS,QUITO,DISTRIBUIDORES
EL GUABO,SUPER COLA,CUENCA,DISTRIBUIDORES
EL GUABO,SUPER COLA,QUITO,DISTRIBUIDORES
EL GUABO,VAT 69,CUENCA,DISTRIBUIDORES
EL TRIUNFO,440,GUAYAQUIL,COBERTURA
EL TRIUNFO,BAVARO,GUAYAQUIL,COBERTURA
EL TRIUNFO,FRUSS,GUAYAQUIL,COBERTURA
EL TRIUNFO,FUSSION,GUAYAQUIL,COBERTURA
EL TRIUNFO,IMPERIAL,GUAYAQUIL,COBERTURA
EL TRIUNFO,LATITUD,GUAYAQUIL,COBERTURA
EL TRIUNFO,MONTANITA,GUAYAQUIL,COBERTURA
EL TRIUNFO,RON 100F,GUAYAQUIL,COBERTURA
ESMERALDAS,440,CUENCA,DISTRIBUIDORES
ESMERALDAS,440,QUITO,DISTRIBUIDORES
ESMERALDAS,593,CUENCA,DISTRIBUIDORES
ESMERALDAS,AJ.MARCA,CUENCA,DISTRIBUIDORES
ESMERALDAS,ANCLA,CUENCA,DISTRIBUIDORES
ESMERALDAS,BAVARO,CUENCA,DISTRIBUIDORES
ESMERALDAS,BAVARO,QUITO,DISTRIBUIDORES
ESMERALDAS,DEL MONTE,QUITO,DISTRIBUIDORES
ESMERALDAS,FRUIT,CUENCA,DISTRIBUIDORES
ESMERALDAS,FRUIT,QUITO,DISTRIBUIDORES
ESMERALDAS,FRUITPUNCH,CUENCA,DISTRIBUIDORES
ESMERALDAS,FRUITPUNCH,QUITO,DISTRIBUIDORES
ESMERALDAS,FRUSS,QUITO,DISTRIBUIDORES
ESMERALDAS,FUSSION,QUITO,DISTRIBUIDORES
ESMERALDAS,IMPERIAL,CUENCA,DISTRIBUIDORES
ESMERALDAS,IMPERIAL,QUITO,DISTRIBUIDORES
ESMERALDAS,JOHNNIE WALKER,QUITO,DISTRIBUIDORES
ESMERALDAS,LAS ROCAS,QUITO,DISTRIBUIDORES
ESMERALDAS,RON 100F,CUENCA,DISTRIBUIDORES
ESMERALDAS,RON 100F,QUITO,DISTRIBUIDORES
ESMERALDAS,UNDURRAGA,QUITO,DISTRIBUIDORES
ESMERALDAS,VAT 69,QUITO,DISTRIBUIDORES
FLAVIO ALFARO,440,QUITO,DISTRIBUIDORES
FLAVIO ALFARO,FRUIT,QUITO,DISTRIBUIDORES
FLAVIO ALFARO,IMPERIAL,QUITO,DISTRIBUIDORES
FLAVIO ALFARO,RON 100F,QUITO,DISTRIBUIDORES
GIRON,440,CUENCA,COBERTURA
GIRON,IMPERIAL,CUENCA,COBERTURA
GUARANDA,440,GUAYAQUIL,DISTRIBUIDORES
GUARANDA,ANCLA,GUAYAQUIL,DISTRIBUIDORES
GUARANDA,FRUIT,GUAYAQUIL,DISTRIBUIDORES
GUARANDA,FRUITPUNCH,GUAYAQUIL,DISTRIBUIDORES
GUARANDA,FRUSS,GUAYAQUIL,DISTRIBUIDORES
GUARANDA,FUSSION,GUAYAQUIL,DISTRIBUIDORES
GUARANDA,IMPERIAL,GUAYAQUIL,DISTRIBUIDORES
GUARANDA,LAS ROCAS,GUAYAQUIL,DISTRIBUIDORES
GUARANDA,RON 100F,GUAYAQUIL,DISTRIBUIDORES
GUAYAQUIL,440,CUENCA,COBERTURA
GUAYAQUIL,440,CUENCA,DISTRIBUIDORES
GUAYAQUIL,440,CUENCA,EMPLEADOS
GUAYAQUIL,440,GUAYAQUIL,COBERTURA
GUAYAQUIL,440,GUAYAQUIL,DISTRIBUIDORES
GUAYAQUIL,440,GUAYAQUIL,EMPLEADOS
GUAYAQUIL,440,QUITO,COBERTURA
GUAYAQUIL,440,QUITO,DISTRIBUIDORES
GUAYAQUIL,440,QUITO,EMPLEADOS
GUAYAQUIL,593,CUENCA,COBERTURA
GUAYAQUIL,593,CUENCA,DISTRIBUIDORES
GUAYAQUIL,593,CUENCA,INSTITUCIONALES
GUAYAQUIL,593,CUENCA,KAM
GUAYAQUIL,593,CUENCA,SIN CATEGORIA/TIPO
GUAYAQUIL,593,GUAYAQUIL,COBERTURA
GUAYAQUIL,593,GUAYAQUIL,DISTRIBUIDORES
GUAYAQUIL,593,GUAYAQUIL,DRAFT
GUAYAQUIL,593,GUAYAQUIL,EMPLEADOS
GUAYAQUIL,593,GUAYAQUIL,SIN CATEGORIA/TIPO
GUAYAQUIL,593,QUITO,DISTRIBUIDORES
GUAYAQUIL,ACTIVO,CUENCA,INSTITUCIONALES
GUAYAQUIL,AJ.MARCA,CUENCA,COBERTURA
GUAYAQUIL,AJ.MARCA,CUENCA,DISTRIBUIDORES
GUAYAQUIL,AJ.MARCA,CUENCA,EMPLEADOS
GUAYAQUIL,AJ.MARCA,CUENCA,INSTITUCIONALES
GUAYAQUIL,AJ.MARCA,CUENCA,KAM
GUAYAQUIL,AJ.MARCA,GUAYAQUIL,DISTRIBUIDORES
GUAYAQUIL,AJ.MARCA,QUITO,COBERTURA
GUAYAQUIL,AJ.MARCA,QUITO,DISTRIBUIDORES
GUAYAQUIL,AJ.MARCA,QUITO,KAM
GUAYAQUIL,ANCLA,CUENCA,COBERTURA
GUAYAQUIL,ANCLA,CUENCA,DISTRIBUIDORES
GUAYAQUIL,ANCLA,GUAYAQUIL,COBERTURA
GUAYAQUIL,ANCLA,GUAYAQUIL,DISTRIBUIDORES
GUAYAQUIL,ANCLA,GUAYAQUIL,EMPLEADOS
GUAYAQUIL,ANCLA,QUITO,DISTRIBUIDORES
GUAYAQUIL,BAVARO,GUAYAQUIL,COBERTURA
GUAYAQUIL,BAVARO,GUAYAQUIL,DISTRIBUIDORES
GUAYAQUIL,BAVARO,GUAYAQUIL,EMPLEADOS
GUAYAQUIL,BAVARO,GUAYAQUIL,KAM
GUAYAQUIL,BAVARO,QUITO,COBERTURA
GUAYAQUIL,BAVARO,QUITO,DISTRIBUIDORES
GUAYAQUIL,BAVARO,QUITO,KAM
GUAYAQUIL,CALAMARES,CUENCA,DISTRIBUIDORES
GUAYAQUIL,CASTILLO DE LIRA,GUAYAQUIL,COBERTURA
GUAYAQUIL,CASTILLO DE LIRA,GUAYAQUIL,EMPLEADOS
GUAYAQUIL,DEL MONTE,CUENCA,COBERTURA
GUAYAQUIL,DEL MONTE,CUENCA,DISTRIBUIDORES
GUAYAQUIL,DEL MONTE,CUENCA,EMPLEADOS
GUAYAQUIL,DEL MONTE,GUAYAQUIL,COBERTURA
GUAYAQUIL,DEL MONTE,GUAYAQUIL,DISTRIBUIDORES
GUAYAQUIL,DEL MONTE,GUAYAQUIL,EMPLEADOS
GUAYAQUIL,DEL MONTE,QUITO,COBERTURA
GUAYAQUIL,DEL MONTE,QUITO,DISTRIBUIDORES
GUAYAQUIL,DEL MONTE,QUITO,EMPLEADOS
GUAYAQUIL,DYC,GUAYAQUIL,COBERTURA
GUAYAQUIL,DYC,GUAYAQUIL,EMPLEADOS
GUAYAQUIL,EL KARNAL,QUITO,COBERTURA
GUAYAQUIL,FRUIT,CUENCA,COBERTURA
GUAYAQUIL,FRUIT,CUENCA,DISTRIBUIDORES
GUAYAQUIL,FRUIT,CUENCA,EMPLEADOS
GUAYAQUIL,FRUIT,GUAYAQUIL,COBERTURA
GUAYAQUIL,FRUIT,GUAYAQUIL,DISTRIBUIDORES
GUAYAQUIL,FRUIT,GUAYAQUIL,EMPLEADOS
GUAYAQUIL,FRUIT,QUITO,COBERTURA
GUAYAQUIL,FRUIT,QUITO,DISTRIBUIDORES
GUAYAQUIL,FRUIT,QUITO,EMPLEADOS
GUAYAQUIL,FRUITPUNCH,CUENCA,COBERTURA
GUAYAQUIL,FRUITPUNCH,CUENCA,DISTRIBUIDORES
GUAYAQUIL,FRUITPUNCH,GUAYAQUIL,COBERTURA
GUAYAQUIL,FRUITPUNCH,GUAYAQUIL,DISTRIBUIDORES
GUAYAQUIL,FRUITPUNCH,GUAYAQUIL,EMPLEADOS
GUAYAQUIL,FRUITPUNCH,QUITO,COBERTURA
GUAYAQUIL,FRUITPUNCH,QUITO,DISTRIBUIDORES
GUAYAQUIL,FRUITPUNCH,QUITO,EMPLEADOS
GUAYAQUIL,FRUSS,CUENCA,DISTRIBUIDORES
GUAYAQUIL,FRUSS,CUENCA,INSTITUCIONALES
GUAYAQUIL,FRUSS,GUAYAQUIL,COBERTURA
GUAYAQUIL,FRUSS,GUAYAQUIL,DISTRIBUIDORES
GUAYAQUIL,FRUSS,GUAYAQUIL,EMPLEADOS
GUAYAQUIL,FRUSS,QUITO,COBERTURA
GUAYAQUIL,FRUSS,QUITO,DISTRIBUIDORES
GUAYAQUIL,FUSSION,CUENCA,COBERTURA
GUAYAQUIL,FUSSION,CUENCA,DISTRIBUIDORES
GUAYAQUIL,FUSSION,CUENCA,KAM
GUAYAQUIL,FUSSION,GUAYAQUIL,COBERTURA
GUAYAQUIL,FUSSION,GUAYAQUIL,DISTRIBUIDORES
GUAYAQUIL,FUSSION,GUAYAQUIL,EMPLEADOS
GUAYAQUIL,FUSSION,GUAYAQUIL,KAM
GUAYAQUIL,FUSSION,QUITO,COBERTURA
GUAYAQUIL,FUSSION,QUITO,DISTRIBUIDORES
GUAYAQUIL,FUSSION,QUITO,KAM
GUAYAQUIL,GASGUA,CUENCA,INSTITUCIONALES
GUAYAQUIL,GASGUA,QUITO,DISTRIBUIDORES
GUAYAQUIL,GENERAL,CUENCA,COBERTURA
GUAYAQUIL,GENERAL,CUENCA,DISTRIBUIDORES
GUAYAQUIL,GENERAL,CUENCA,EMPLEADOS
GUAYAQUIL,GENERAL,CUENCA,INSTITUCIONALES
GUAYAQUIL,GENERAL,GUAYAQUIL,COBERTURA
GUAYAQUIL,GENERAL,GUAYAQUIL,DISTRIBUIDORES
GUAYAQUIL,GENERAL,GUAYAQUIL,EMPLEADOS
GUAYAQUIL,GENERAL,QUITO,DISTRIBUIDORES
GUAYAQUIL,GENERAL,QUITO,INSTITUCIONALES
GUAYAQUIL,GIN,CUENCA,DISTRIBUIDORES
GUAYAQUIL,GIN,GUAYAQUIL,COBERTURA
GUAYAQUIL,GIN,GUAYAQUIL,DISTRIBUIDORES
GUAYAQUIL,GIN,GUAYAQUIL,EMPLEADOS
GUAYAQUIL,GIN,QUITO,COBERTURA
GUAYAQUIL,GIN,QUITO,DISTRIBUIDORES
GUAYAQUIL,HACIENDA LA PAZ,GUAYAQUIL,COBERTURA
GUAYAQUIL,IMPERIAL,CUENCA,COBERTURA
GUAYAQUIL,IMPERIAL,CUENCA,DISTRIBUIDORES
GUAYAQUIL,IMPERIAL,CUENCA,EMPLEADOS
GUAYAQUIL,IMPERIAL,CUENCA,INSTITUCIONALES
GUAYAQUIL,IMPERIAL,GUAYAQUIL,COBERTURA
GUAYAQUIL,IMPERIAL,GUAYAQUIL,DISTRIBUIDORES
GUAYAQUIL,IMPERIAL,GUAYAQUIL,EMPLEADOS
GUAYAQUIL,IMPERIAL,GUAYAQUIL,KAM
GUAYAQUIL,IMPERIAL,QUITO,COBERTURA
GUAYAQUIL,IMPERIAL,QUITO,DISTRIBUIDORES
GUAYAQUIL,IMPERIAL,QUITO,EMPLEADOS
GUAYAQUIL,IMPERIAL,QUITO,KAM
GUAYAQUIL,JOHNNIE WALKER,GUAYAQUIL,COBERTURA
GUAYAQUIL,JOHNNIE WALKER,GUAYAQUIL,DISTRIBUIDORES
GUAYAQUIL,JOHNNIE WALKER,GUAYAQUIL,EMPLEADOS
GUAYAQUIL,JOHNNIE WALKER,QUITO,COBERTURA
GUAYAQUIL,LA PAZ,CUENCA,COBERTURA
GUAYAQUIL,LA PAZ,CUENCA,DISTRIBUIDORES
GUAYAQUIL,LA PAZ,GUAYAQUIL,COBERTURA
GUAYAQUIL,LA PAZ,GUAYAQUIL,DRAFT
GUAYAQUIL,LA PAZ,GUAYAQUIL,EMPLEADOS
GUAYAQUIL,LA PAZ,GUAYAQUIL,SIN CATEGORIA/TIPO
GUAYAQUIL,LA PAZ,QUITO,DISTRIBUIDORES
GUAYAQUIL,LAS ROCAS,CUENCA,DISTRIBUIDORES
GUAYAQUIL,LAS ROCAS,CUENCA,EMPLEADOS
GUAYAQUIL,LAS ROCAS,CUENCA,INSTITUCIONALES
GUAYAQUIL,LAS ROCAS,GUAYAQUIL,COBERTURA
GUAYAQUIL,LAS ROCAS,GUAYAQUIL,DISTRIBUIDORES
GUAYAQUIL,LAS ROCAS,GUAYAQUIL,EMPLEADOS
GUAYAQUIL,LAS ROCAS,GUAYAQUIL,INSTITUCIONALES
GUAYAQUIL,LAS ROCAS,QUITO,COBERTURA
GUAYAQUIL,LAS ROCAS,QUITO,DISTRIBUIDORES
GUAYAQUIL,LAS ROCAS,QUITO,EMPLEADOS
GUAYAQUIL,LAS ROCAS,QUITO,EMPRESAS
GUAYAQUIL,LAS ROCAS,QUITO,INSTITUCIONALES
GUAYAQUIL,LATITUD,GUAYAQUIL,COBERTURA
GUAYAQUIL,LATITUD CERO,CUENCA,COBERTURA
GUAYAQUIL,LATITUD CERO,CUENCA,DISTRIBUIDORES
GUAYAQUIL,LATITUD CERO,CUENCA,KAM
GUAYAQUIL,LATITUD CERO,CUENCA,SIN CATEGORIA/TIPO
GUAYAQUIL,LATITUD CERO,GUAYAQUIL,COBERTURA
GUAYAQUIL,LATITUD CERO,GUAYAQUIL,DISTRIBUIDORES
GUAYAQUIL,LATITUD CERO,GUAYAQUIL,DRAFT
GUAYAQUIL,LATITUD CERO,GUAYAQUIL,EMPLEADOS
GUAYAQUIL,LATITUD CERO,GUAYAQUIL,SIN CATEGORIA/TIPO
GUAYAQUIL,LATITUD CERO,QUITO,DISTRIBUIDORES
GUAYAQUIL,LATITUD CERO SHOP,CUENCA,DISTRIBUIDORES
GUAYAQUIL,MONTANITA,GUAYAQUIL,COBERTURA
GUAYAQUIL,NECTAR VVK,CUENCA,DISTRIBUIDORES
GUAYAQUIL,NECTAR VVK,QUITO,COBERTURA
GUAYAQUIL,OTROS,CUENCA,INSTITUCIONALES
GUAYAQUIL,OTROS,GUAYAQUIL,COBERTURA
GUAYAQUIL,OTROS,GUAYAQUIL,DRAFT
GUAYAQUIL,RON 100F,CUENCA,COBERTURA
GUAYAQUIL,RON 100F,CUENCA,DISTRIBUIDORES
GUAYAQUIL,RON 100F,CUENCA,EMPLEADOS
GUAYAQUIL,RON 100F,GUAYAQUIL,COBERTURA
GUAYAQUIL,RON 100F,GUAYAQUIL,DISTRIBUIDORES
GUAYAQUIL,RON 100F,GUAYAQUIL,EMPLEADOS
GUAYAQUIL,RON 100F,GUAYAQUIL,KAM
GUAYAQUIL,RON 100F,QUITO,COBERTURA
GUAYAQUIL,RON 100F,QUITO,DISTRIBUIDORES
GUAYAQUIL,RON 100F,QUITO,EMPLEADOS
GUAYAQUIL,RON 100F,QUITO,KAM
GUAYAQUIL,SPLASH,CUENCA,DISTRIBUIDORES
GUAYAQUIL,SPLASH,QUITO,DISTRIBUIDORES
GUAYAQUIL,SPLASH,QUITO,EMPLEADOS
GUAYAQUIL,SUPER COLA,CUENCA,DISTRIBUIDORES
GUAYAQUIL,SUPER COLA,CUENCA,EMPLEADOS
GUAYAQUIL,SUPER COLA,QUITO,DISTRIBUIDORES
GUAYAQUIL,SUPER COLA,QUITO,EMPLEADOS
GUAYAQUIL,TH2,CUENCA,COBERTURA
GUAYAQUIL,TH2,CUENCA,DISTRIBUIDORES
GUAYAQUIL,TH2,GUAYAQUIL,COBERTURA
GUAYAQUIL,TH2,GUAYAQUIL,DISTRIBUIDORES
GUAYAQUIL,TH2,GUAYAQUIL,EMPLEADOS
GUAYAQUIL,TH2,QUITO,COBERTURA
GUAYAQUIL,TH2,QUITO,DISTRIBUIDORES
GUAYAQUIL,UNDURRAGA,CUENCA,COBERTURA
GUAYAQUIL,UNDURRAGA,GUAYAQUIL,COBERTURA
GUAYAQUIL,UNDURRAGA,GUAYAQUIL,EMPLEADOS
GUAYAQUIL,VAPE HIGH PROMAX,GUAYAQUIL,COBERTURA
GUAYAQUIL,VAPE HIGH PROMAX,GUAYAQUIL,EMPLEADOS
GUAYAQUIL,VAT 69,GUAYAQUIL,COBERTURA
GUAYAQUIL,VAT 69,GUAYAQUIL,DISTRIBUIDORES
GUAYAS,593,GUAYAQUIL,COBERTURA
IBARRA,440,CUENCA,DISTRIBUIDORES
IBARRA,440,QUITO,DISTRIBUIDORES
IBARRA,593,CUENCA,EMPLEADOS
IBARRA,593,QUITO,DISTRIBUIDORES
IBARRA,593,QUITO,EMPLEADOS
IBARRA,AJ.MARCA,QUITO,DISTRIBUIDORES
IBARRA,BAVARO,QUITO,DISTRIBUIDORES
IBARRA,DEL MONTE,CUENCA,DISTRIBUIDORES
IBARRA,DEL MONTE,QUITO,DISTRIBUIDORES
IBARRA,FRUIT,CUENCA,DISTRIBUIDORES
IBARRA,FRUIT,QUITO,DISTRIBUIDORES
IBARRA,FRUITPUNCH,QUITO,DISTRIBUIDORES
IBARRA,FUSSION,QUITO,DISTRIBUIDORES
IBARRA,GENERAL,QUITO,DISTRIBUIDORES
IBARRA,GIN,QUITO,DISTRIBUIDORES
IBARRA,IMPERIAL,CUENCA,DISTRIBUIDORES
IBARRA,IMPERIAL,CUENCA,EMPLEADOS
IBARRA,IMPERIAL,QUITO,DISTRIBUIDORES
IBARRA,IMPERIAL,QUITO,EMPLEADOS
IBARRA,LAS ROCAS,QUITO,DISTRIBUIDORES
IBARRA,RON 100F,CUENCA,DISTRIBUIDORES
IBARRA,RON 100F,QUITO,DISTRIBUIDORES
IBARRA,SUPER COLA,CUENCA,DISTRIBUIDORES
IBARRA,TH2,QUITO,DISTRIBUIDORES
ISIDRO AYORA,440,GUAYAQUIL,COBERTURA
ISIDRO AYORA,593,GUAYAQUIL,COBERTURA
ISIDRO AYORA,FRUIT,GUAYAQUIL,COBERTURA
ISIDRO AYORA,FUSSION,GUAYAQUIL,COBERTURA
ISIDRO AYORA,IMPERIAL,GUAYAQUIL,COBERTURA
ISIDRO AYORA,UNDURRAGA,GUAYAQUIL,COBERTURA
JAMA,440,QUITO,DISTRIBUIDORES
JAMA,FRUIT,QUITO,DISTRIBUIDORES
JAMA,FRUITPUNCH,QUITO,DISTRIBUIDORES
JAMA,FRUSS,QUITO,DISTRIBUIDORES
JAMA,IMPERIAL,QUITO,DISTRIBUIDORES
JAMA,LA PAZ,QUITO,DISTRIBUIDORES
JAMA,RON 100F,QUITO,DISTRIBUIDORES
JIPIJAPA,593,CUENCA,DISTRIBUIDORES
JIPIJAPA,593,GUAYAQUIL,DISTRIBUIDORES
JIPIJAPA,FRUITPUNCH,GUAYAQUIL,DISTRIBUIDORES
JIPIJAPA,FRUITPUNCH,QUITO,DISTRIBUIDORES
JIPIJAPA,FRUSS,QUITO,DISTRIBUIDORES
JIPIJAPA,FUSSION,QUITO,DISTRIBUIDORES
JIPIJAPA,GIN,GUAYAQUIL,DISTRIBUIDORES
JIPIJAPA,IMPERIAL,GUAYAQUIL,DISTRIBUIDORES
JIPIJAPA,IMPERIAL,QUITO,DISTRIBUIDORES
JIPIJAPA,LATITUD CERO,GUAYAQUIL,DISTRIBUIDORES
JIPIJAPA,RON 100F,GUAYAQUIL,DISTRIBUIDORES
JIPIJAPA,RON 100F,QUITO,DISTRIBUIDORES
LA LIBERTAD,440,GUAYAQUIL,COBERTURA
LA LIBERTAD,593,CUENCA,DISTRIBUIDORES
LA LIBERTAD,593,GUAYAQUIL,COBERTURA
LA LIBERTAD,AJ.MARCA,CUENCA,COBERTURA
LA LIBERTAD,ANCLA,GUAYAQUIL,DISTRIBUIDORES
LA LIBERTAD,FRUIT,GUAYAQUIL,COBERTURA
LA LIBERTAD,FRUSS,GUAYAQUIL,COBERTURA
LA LIBERTAD,FUSSION,GUAYAQUIL,COBERTURA
LA LIBERTAD,FUSSION,QUITO,COBERTURA
LA LIBERTAD,IMPERIAL,GUAYAQUIL,COBERTURA
LA LIBERTAD,JOHNNIE WALKER,GUAYAQUIL,COBERTURA
LA LIBERTAD,LA PAZ,GUAYAQUIL,DISTRIBUIDORES
LA LIBERTAD,LATITUD CERO,CUENCA,DISTRIBUIDORES
LA LIBERTAD,LATITUD CERO,GUAYAQUIL,DISTRIBUIDORES
LA LIBERTAD,VAT 69,GUAYAQUIL,COBERTURA
LA TRONCAL,593,GUAYAQUIL,COBERTURA
LA TRONCAL,BAVARO,GUAYAQUIL,COBERTURA
LA TRONCAL,FRUIT,GUAYAQUIL,COBERTURA
LA TRONCAL,IMPERIAL,GUAYAQUIL,COBERTURA
LA TRONCAL,RON 100F,GUAYAQUIL,COBERTURA
LA TRONCAL,VAT 69,GUAYAQUIL,COBERTURA
LATACUNGA,440,CUENCA,DISTRIBUIDORES
LATACUNGA,440,QUITO,DISTRIBUIDORES
LATACUNGA,593,CUENCA,DISTRIBUIDORES
LATACUNGA,593,QUITO,DISTRIBUIDORES
LATACUNGA,ANCLA,CUENCA,DISTRIBUIDORES
LATACUNGA,BAVARO,QUITO,DISTRIBUIDORES
LATACUNGA,CASTILLO DE LIRA,QUITO,DISTRIBUIDORES
LATACUNGA,FRUIT,CUENCA,DISTRIBUIDORES
LATACUNGA,FRUIT,QUITO,DISTRIBUIDORES
LATACUNGA,FRUITPUNCH,QUITO,DISTRIBUIDORES
LATACUNGA,FRUSS,QUITO,DISTRIBUIDORES
LATACUNGA,FUSSION,CUENCA,DISTRIBUIDORES
LATACUNGA,FUSSION,QUITO,DISTRIBUIDORES
LATACUNGA,GIN,CUENCA,DISTRIBUIDORES
LATACUNGA,GIN,QUITO,DISTRIBUIDORES
LATACUNGA,IMPERIAL,CUENCA,DISTRIBUIDORES
LATACUNGA,IMPERIAL,QUITO,DISTRIBUIDORES
LATACUNGA,JOHNNIE WALKER,QUITO,DISTRIBUIDORES
LATACUNGA,LAS ROCAS,CUENCA,DISTRIBUIDORES
LATACUNGA,LAS ROCAS,QUITO,DISTRIBUIDORES
LATACUNGA,LATITUD CERO,CUENCA,DISTRIBUIDORES
LATACUNGA,MONTANITA,QUITO,DISTRIBUIDORES
LATACUNGA,RON 100F,CUENCA,DISTRIBUIDORES
LATACUNGA,RON 100F,QUITO,DISTRIBUIDORES
LATACUNGA,TH2,CUENCA,DISTRIBUIDORES
LATACUNGA,TH2,QUITO,DISTRIBUIDORES
LATACUNGA,UNDURRAGA,QUITO,DISTRIBUIDORES
LATACUNGA,VAT 69,QUITO,DISTRIBUIDORES
LIMA,CERVEZA,CUENCA,EXPORTACIONES
LIMA,LATITUD CERO,CUENCA,EXPORTACIONES
LIMA,LATITUD CERO SOUVENIERS,CUENCA,EXPORTACIONES
LIMA,MATERIAL DE PRESENTACION,CUENCA,EXPORTACIONES
LIMA,SERVICIOS,CUENCA,EXPORTACIONES
LOJA,440,CUENCA,DISTRIBUIDORES
LOJA,440,QUITO,DISTRIBUIDORES
LOJA,AJ.MARCA,CUENCA,DISTRIBUIDORES
LOJA,AJ.MARCA,QUITO,DISTRIBUIDORES
LOJA,BAVARO,CUENCA,DISTRIBUIDORES
LOJA,FRUIT,CUENCA,DISTRIBUIDORES
LOJA,FRUIT,QUITO,DISTRIBUIDORES
LOJA,FRUITPUNCH,CUENCA,DISTRIBUIDORES
LOJA,FRUITPUNCH,QUITO,DISTRIBUIDORES
LOJA,FUSSION,CUENCA,DISTRIBUIDORES
LOJA,FUSSION,QUITO,DISTRIBUIDORES
LOJA,GIN,CUENCA,DISTRIBUIDORES
LOJA,GIN,QUITO,DISTRIBUIDORES
LOJA,IMPERIAL,CUENCA,DISTRIBUIDORES
LOJA,IMPERIAL,QUITO,DISTRIBUIDORES
LOJA,RON 100F,CUENCA,DISTRIBUIDORES
LOJA,RON 100F,QUITO,DISTRIBUIDORES
LOJA,SUPER COLA,CUENCA,DISTRIBUIDORES
LOJA,TH2,CUENCA,DISTRIBUIDORES
LOMAS DE SARGENTILLO,FUSSION,GUAYAQUIL,COBERTURA
MACAS,593,CUENCA,DISTRIBUIDORES
MACAS,ANCLA,CUENCA,DISTRIBUIDORES
MACAS,LATITUD CERO,CUENCA,DISTRIBUIDORES
MACHALA,440,CUENCA,DISTRIBUIDORES
MACHALA,440,GUAYAQUIL,DISTRIBUIDORES
MACHALA,440,QUITO,DISTRIBUIDORES
MACHALA,AJ.MARCA,CUENCA,DISTRIBUIDORES
MACHALA,BAVARO,GUAYAQUIL,DISTRIBUIDORES
MACHALA,DEL MONTE,CUENCA,DISTRIBUIDORES
MACHALA,DEL MONTE,QUITO,DISTRIBUIDORES
MACHALA,FRUIT,CUENCA,DISTRIBUIDORES
MACHALA,FRUIT,GUAYAQUIL,DISTRIBUIDORES
MACHALA,FRUIT,QUITO,DISTRIBUIDORES
MACHALA,FRUITPUNCH,GUAYAQUIL,DISTRIBUIDORES
MACHALA,FRUITPUNCH,QUITO,DISTRIBUIDORES
MACHALA,FRUSS,GUAYAQUIL,DISTRIBUIDORES
MACHALA,FUSSION,GUAYAQUIL,DISTRIBUIDORES
MACHALA,FUSSION,QUITO,DISTRIBUIDORES
MACHALA,IMPERIAL,CUENCA,DISTRIBUIDORES
MACHALA,IMPERIAL,GUAYAQUIL,DISTRIBUIDORES
MACHALA,IMPERIAL,QUITO,DISTRIBUIDORES
MACHALA,LAS ROCAS,CUENCA,DISTRIBUIDORES
MACHALA,LAS ROCAS,QUITO,DISTRIBUIDORES
MACHALA,RON 100F,GUAYAQUIL,DISTRIBUIDORES
MACHALA,RON 100F,QUITO,DISTRIBUIDORES
MACHALA,SUPER COLA,CUENCA,DISTRIBUIDORES
MACHALA,SUPER COLA,QUITO,DISTRIBUIDORES
MANTA,440,CUENCA,MAYORISTA
MANTA,440,GUAYAQUIL,DISTRIBUIDORES
MANTA,440,QUITO,DISTRIBUIDORES
MANTA,593,CUENCA,DISTRIBUIDORES
MANTA,AJ.MARCA,CUENCA,DISTRIBUIDORES
MANTA,AJ.MARCA,CUENCA,MAYORISTA
MANTA,ANCLA,CUENCA,DISTRIBUIDORES
MANTA,ANCLA,GUAYAQUIL,DISTRIBUIDORES
MANTA,ANCLA,QUITO,DISTRIBUIDORES
MANTA,BAVARO,GUAYAQUIL,DISTRIBUIDORES
MANTA,BAVARO,QUITO,DISTRIBUIDORES
MANTA,DEL MONTE,CUENCA,DISTRIBUIDORES
MANTA,DEL MONTE,CUENCA,MAYORISTA
MANTA,FRUIT,CUENCA,DISTRIBUIDORES
MANTA,FRUIT,CUENCA,MAYORISTA
MANTA,FRUIT,GUAYAQUIL,DISTRIBUIDORES
MANTA,FRUIT,QUITO,DISTRIBUIDORES
MANTA,FRUITPUNCH,CUENCA,DISTRIBUIDORES
MANTA,FRUITPUNCH,GUAYAQUIL,DISTRIBUIDORES
MANTA,FRUITPUNCH,QUITO,DISTRIBUIDORES
MANTA,FRUSS,GUAYAQUIL,DISTRIBUIDORES
MANTA,FRUSS,QUITO,DISTRIBUIDORES
MANTA,FUSSION,GUAYAQUIL,DISTRIBUIDORES
MANTA,FUSSION,QUITO,DISTRIBUIDORES
MANTA,GENERAL,CUENCA,DISTRIBUIDORES
MANTA,GENERAL,QUITO,DISTRIBUIDORES
MANTA,GIN,QUITO,DISTRIBUIDORES
MANTA,IMPERIAL,CUENCA,DISTRIBUIDORES
MANTA,IMPERIAL,CUENCA,MAYORISTA
MANTA,IMPERIAL,GUAYAQUIL,DISTRIBUIDORES
MANTA,IMPERIAL,QUITO,DISTRIBUIDORES
MANTA,LA PAZ,CUENCA,DISTRIBUIDORES
MANTA,LA PAZ,QUITO,DISTRIBUIDORES
MANTA,LAS ROCAS,CUENCA,MAYORISTA
MANTA,LAS ROCAS,GUAYAQUIL,DISTRIBUIDORES
MANTA,LAS ROCAS,QUITO,DISTRIBUIDORES
MANTA,LATITUD CERO,CUENCA,DISTRIBUIDORES
MANTA,LATITUD CERO,GUAYAQUIL,DISTRIBUIDORES
MANTA,LATITUD CERO,QUITO,DISTRIBUIDORES
MANTA,RON 100F,CUENCA,DISTRIBUIDORES
MANTA,RON 100F,GUAYAQUIL,DISTRIBUIDORES
MANTA,RON 100F,QUITO,DISTRIBUIDORES
MANTA,SUPER COLA,CUENCA,MAYORISTA
MANTA,TH2,CUENCA,MAYORISTA
MANTA,TH2,QUITO,DISTRIBUIDORES
MEJIA,440,QUITO,COBERTURA
MEJIA,593,QUITO,COBERTURA
MEJIA,ANCLA,QUITO,COBERTURA
MEJIA,BAVARO,QUITO,COBERTURA
MEJIA,FRUIT,QUITO,COBERTURA
MEJIA,FRUITPUNCH,QUITO,DISTRIBUIDORES
MEJIA,FRUSS,QUITO,COBERTURA
MEJIA,FUSSION,QUITO,COBERTURA
MEJIA,GIN,QUITO,COBERTURA
MEJIA,GIN,QUITO,DISTRIBUIDORES
MEJIA,HACIENDA LA PAZ,QUITO,COBERTURA
MEJIA,IMPERIAL,QUITO,COBERTURA
MEJIA,IMPERIAL,QUITO,DISTRIBUIDORES
MEJIA,JOHNNIE WALKER,QUITO,COBERTURA
MEJIA,LAS ROCAS,QUITO,COBERTURA
MEJIA,MONTANITA,QUITO,COBERTURA
MEJIA,RON 100F,QUITO,COBERTURA
MEJIA,RON 100F,QUITO,DISTRIBUIDORES
MEJIA,VAT 69,QUITO,COBERTURA
MILAGRO,440,CUENCA,DISTRIBUIDORES
MILAGRO,440,GUAYAQUIL,DISTRIBUIDORES
MILAGRO,440,QUITO,DISTRIBUIDORES
MILAGRO,593,CUENCA,DISTRIBUIDORES
MILAGRO,593,GUAYAQUIL,COBERTURA
MILAGRO,593,GUAYAQUIL,DISTRIBUIDORES
MILAGRO,593,QUITO,DISTRIBUIDORES
MILAGRO,ANCLA,CUENCA,DISTRIBUIDORES
MILAGRO,BAVARO,GUAYAQUIL,DISTRIBUIDORES
MILAGRO,BAVARO,QUITO,DISTRIBUIDORES
MILAGRO,DEL MONTE,CUENCA,DISTRIBUIDORES
MILAGRO,DEL MONTE,GUAYAQUIL,DISTRIBUIDORES
MILAGRO,DEL MONTE,QUITO,DISTRIBUIDORES
MILAGRO,FRUIT,CUENCA,DISTRIBUIDORES
MILAGRO,FRUIT,GUAYAQUIL,COBERTURA
MILAGRO,FRUIT,GUAYAQUIL,DISTRIBUIDORES
MILAGRO,FRUIT,QUITO,DISTRIBUIDORES
MILAGRO,FRUITPUNCH,CUENCA,DISTRIBUIDORES
MILAGRO,FRUITPUNCH,GUAYAQUIL,COBERTURA
MILAGRO,FRUITPUNCH,GUAYAQUIL,DISTRIBUIDORES
MILAGRO,FRUITPUNCH,QUITO,DISTRIBUIDORES
MILAGRO,FRUSS,GUAYAQUIL,DISTRIBUIDORES
MILAGRO,FUSSION,CUENCA,DISTRIBUIDORES
MILAGRO,FUSSION,GUAYAQUIL,COBERTURA
MILAGRO,FUSSION,GUAYAQUIL,DISTRIBUIDORES
MILAGRO,FUSSION,QUITO,DISTRIBUIDORES
MILAGRO,GENERAL,GUAYAQUIL,DISTRIBUIDORES
MILAGRO,GENERAL,QUITO,DISTRIBUIDORES
MILAGRO,GIN,QUITO,DISTRIBUIDORES
MILAGRO,IMPERIAL,CUENCA,DISTRIBUIDORES
MILAGRO,IMPERIAL,GUAYAQUIL,COBERTURA
MILAGRO,IMPERIAL,GUAYAQUIL,DISTRIBUIDORES
MILAGRO,IMPERIAL,QUITO,DISTRIBUIDORES
MILAGRO,LAS ROCAS,CUENCA,DISTRIBUIDORES
MILAGRO,LAS ROCAS,QUITO,DISTRIBUIDORES
MILAGRO,RON 100F,GUAYAQUIL,COBERTURA
MILAGRO,RON 100F,GUAYAQUIL,DISTRIBUIDORES
MILAGRO,RON 100F,QUITO,DISTRIBUIDORES
MILAGRO,SUPER COLA,CUENCA,DISTRIBUIDORES
MILAGRO,SUPER COLA,QUITO,DISTRIBUIDORES
MILAGRO,VAT 69,GUAYAQUIL,COBERTURA
MOCACHE,FRUITPUNCH,GUAYAQUIL,COBERTURA
MOCACHE,FUSSION,GUAYAQUIL,COBERTURA
MONTALVO,440,GUAYAQUIL,COBERTURA
MONTALVO,593,GUAYAQUIL,COBERTURA
MONTALVO,CASTILLO DE LIRA,GUAYAQUIL,COBERTURA
MONTALVO,FRUIT,GUAYAQUIL,COBERTURA
MONTALVO,FRUITPUNCH,GUAYAQUIL,COBERTURA
MONTALVO,FUSSION,GUAYAQUIL,COBERTURA
MONTALVO,IMPERIAL,GUAYAQUIL,COBERTURA
MONTALVO,RON 100F,GUAYAQUIL,COBERTURA
MONTECRISTI,440,CUENCA,INSTITUCIONALES
MONTECRISTI,440,QUITO,INSTITUCIONALES
MONTECRISTI,IMPERIAL,CUENCA,INSTITUCIONALES
MONTECRISTI,IMPERIAL,QUITO,INSTITUCIONALES
MONTECRISTI,LAS ROCAS,CUENCA,INSTITUCIONALES
MONTECRISTI,LAS ROCAS,QUITO,INSTITUCIONALES
MORONA (MACAS),440,CUENCA,DISTRIBUIDORES
MORONA (MACAS),440,QUITO,DISTRIBUIDORES
MORONA (MACAS),BAVARO,CUENCA,DISTRIBUIDORES
MORONA (MACAS),FRUIT,CUENCA,DISTRIBUIDORES
MORONA (MACAS),FRUIT,QUITO,DISTRIBUIDORES
MORONA (MACAS),FRUITPUNCH,CUENCA,DISTRIBUIDORES
MORONA (MACAS),FRUITPUNCH,QUITO,DISTRIBUIDORES
MORONA (MACAS),FUSSION,CUENCA,DISTRIBUIDORES
MORONA (MACAS),FUSSION,QUITO,DISTRIBUIDORES
MORONA (MACAS),IMPERIAL,CUENCA,DISTRIBUIDORES
MORONA (MACAS),IMPERIAL,QUITO,DISTRIBUIDORES
MORONA (MACAS),RON 100F,CUENCA,DISTRIBUIDORES
MORONA (MACAS),RON 100F,QUITO,DISTRIBUIDORES
MORONA (MACAS),TH2,CUENCA,DISTRIBUIDORES
NEW YORK,FUSSION,GUAYAQUIL,KAM
NEW YORK,FUSSION,QUITO,KAM
NOBOL/PIEDRAHITA,440,GUAYAQUIL,COBERTURA
NOBOL/PIEDRAHITA,593,GUAYAQUIL,COBERTURA
NOBOL/PIEDRAHITA,FRUIT,GUAYAQUIL,COBERTURA
NOBOL/PIEDRAHITA,FUSSION,GUAYAQUIL,COBERTURA
NOBOL/PIEDRAHITA,IMPERIAL,GUAYAQUIL,COBERTURA
ORELLANA,440,QUITO,DISTRIBUIDORES
ORELLANA,FRUIT,QUITO,DISTRIBUIDORES
ORELLANA,FRUSS,QUITO,DISTRIBUIDORES
ORELLANA,FUSSION,QUITO,DISTRIBUIDORES
ORELLANA,IMPERIAL,QUITO,DISTRIBUIDORES
ORELLANA,RON 100F,QUITO,DISTRIBUIDORES
OTAVALO,440,QUITO,DISTRIBUIDORES
OTAVALO,BAVARO,QUITO,DISTRIBUIDORES
OTAVALO,CASTILLO DE LIRA,QUITO,DISTRIBUIDORES
OTAVALO,FRUIT,QUITO,DISTRIBUIDORES
OTAVALO,FUSSION,CUENCA,DISTRIBUIDORES
OTAVALO,FUSSION,QUITO,DISTRIBUIDORES
OTAVALO,GENERAL,QUITO,DISTRIBUIDORES
OTAVALO,IMPERIAL,CUENCA,DISTRIBUIDORES
OTAVALO,IMPERIAL,QUITO,DISTRIBUIDORES
OTAVALO,RON 100F,CUENCA,DISTRIBUIDORES
OTAVALO,RON 100F,QUITO,DISTRIBUIDORES
OTAVALO,VAT 69,QUITO,DISTRIBUIDORES
PALENQUE,IMPERIAL,GUAYAQUIL,COBERTURA
PALESTINA,440,GUAYAQUIL,COBERTURA
PALESTINA,FRUIT,GUAYAQUIL,COBERTURA
PALESTINA,LAS ROCAS,GUAYAQUIL,COBERTURA
PASAJE,AJ.MARCA,CUENCA,DISTRIBUIDORES
PAUTE,440,CUENCA,DISTRIBUIDORES
PAUTE,FRUIT,CUENCA,DISTRIBUIDORES
PAUTE,FUSSION,CUENCA,DISTRIBUIDORES
PAUTE,GASGUA,CUENCA,DISTRIBUIDORES
PAUTE,IMPERIAL,CUENCA,DISTRIBUIDORES
PAUTE,LAS ROCAS,CUENCA,DISTRIBUIDORES
PAUTE,RON 100F,CUENCA,DISTRIBUIDORES
PEDERNALES,440,QUITO,DISTRIBUIDORES
PEDERNALES,593,QUITO,DISTRIBUIDORES
PEDERNALES,FRUIT,QUITO,DISTRIBUIDORES
PEDERNALES,FRUITPUNCH,QUITO,DISTRIBUIDORES
PEDERNALES,FRUSS,QUITO,DISTRIBUIDORES
PEDERNALES,FUSSION,QUITO,DISTRIBUIDORES
PEDERNALES,IMPERIAL,QUITO,DISTRIBUIDORES
PEDERNALES,RON 100F,QUITO,DISTRIBUIDORES
PEDRO CARBO,ANCLA,GUAYAQUIL,COBERTURA
PEDRO CARBO,FRUIT,GUAYAQUIL,COBERTURA
PEDRO CARBO,FRUITPUNCH,GUAYAQUIL,COBERTURA
PEDRO CARBO,FRUSS,GUAYAQUIL,COBERTURA
PEDRO CARBO,IMPERIAL,GUAYAQUIL,COBERTURA
PEDRO CARBO,JOHNNIE WALKER,GUAYAQUIL,COBERTURA
PEDRO CARBO,VAT 69,GUAYAQUIL,COBERTURA
PI?AS,440,GUAYAQUIL,DISTRIBUIDORES
PI?AS,BAVARO,QUITO,DISTRIBUIDORES
PI?AS,DEL MONTE,QUITO,DISTRIBUIDORES
PI?AS,FRUIT,GUAYAQUIL,DISTRIBUIDORES
PI?AS,FRUIT,QUITO,DISTRIBUIDORES
PI?AS,FRUITPUNCH,QUITO,DISTRIBUIDORES
PI?AS,FUSSION,QUITO,DISTRIBUIDORES
PI?AS,GIN,QUITO,DISTRIBUIDORES
PI?AS,IMPERIAL,GUAYAQUIL,DISTRIBUIDORES
PI?AS,IMPERIAL,QUITO,DISTRIBUIDORES
PI?AS,RON 100F,QUITO,DISTRIBUIDORES
PI?AS,TH2,GUAYAQUIL,DISTRIBUIDORES
PI?AS,TH2,QUITO,DISTRIBUIDORES
PICHINCHA,440,CUENCA,PROPIOS
PICHINCHA,440,GUAYAQUIL,PROPIOS
PICHINCHA,440,QUITO,DISTRIBUIDORES
PICHINCHA,440,QUITO,PROPIOS
PICHINCHA,593,CUENCA,KAM
PICHINCHA,593,CUENCA,PROPIOS
PICHINCHA,593,GUAYAQUIL,PROPIOS
PICHINCHA,593,QUITO,KAM
PICHINCHA,593,QUITO,PROPIOS
PICHINCHA,ACTIVO,CUENCA,KAM
PICHINCHA,AJ.MARCA,CUENCA,KAM
PICHINCHA,AJ.MARCA,CUENCA,PROPIOS
PICHINCHA,ANCLA,CUENCA,PROPIOS
PICHINCHA,ANCLA,GUAYAQUIL,PROPIOS
PICHINCHA,ANCLA,QUITO,PROPIOS
PICHINCHA,BARBANEGRA,CUENCA,PROPIOS
PICHINCHA,BAVARO,CUENCA,PROPIOS
PICHINCHA,BAVARO,GUAYAQUIL,PROPIOS
PICHINCHA,BAVARO,QUITO,PROPIOS
PICHINCHA,BOTELLA,CUENCA,KAM
PICHINCHA,CALAMARES,CUENCA,PROPIOS
PICHINCHA,CALAMARES,QUITO,PROPIOS
PICHINCHA,CASTILLO DE LIRA,CUENCA,PROPIOS
PICHINCHA,CERVEZA,CUENCA,PROPIOS
PICHINCHA,CRYMS,CUENCA,PROPIOS
PICHINCHA,DEL MONTE,CUENCA,PROPIOS
PICHINCHA,DEL MONTE,GUAYAQUIL,PROPIOS
PICHINCHA,DEL MONTE,QUITO,COBERTURA
PICHINCHA,DEL MONTE,QUITO,PROPIOS
PICHINCHA,DYC,CUENCA,PROPIOS
PICHINCHA,EL KARNAL,QUITO,PROPIOS
PICHINCHA,ENVASES,CUENCA,PROPIOS
PICHINCHA,FRUIT,CUENCA,PROPIOS
PICHINCHA,FRUIT,GUAYAQUIL,PROPIOS
PICHINCHA,FRUIT,QUITO,DISTRIBUIDORES
PICHINCHA,FRUIT,QUITO,PROPIOS
PICHINCHA,FRUITPUNCH,CUENCA,PROPIOS
PICHINCHA,FRUITPUNCH,GUAYAQUIL,PROPIOS
PICHINCHA,FRUITPUNCH,QUITO,PROPIOS
PICHINCHA,FRUSS,CUENCA,PROPIOS
PICHINCHA,FRUSS,GUAYAQUIL,PROPIOS
PICHINCHA,FRUSS,QUITO,PROPIOS
PICHINCHA,FUSSION,CUENCA,PROPIOS
PICHINCHA,FUSSION,GUAYAQUIL,PROPIOS
PICHINCHA,FUSSION,QUITO,DISTRIBUIDORES
PICHINCHA,FUSSION,QUITO,PROPIOS
PICHINCHA,GASGUA,CUENCA,PROPIOS
PICHINCHA,GASGUA,QUITO,PROPIOS
PICHINCHA,GENERAL,CUENCA,PROPIOS
PICHINCHA,GENERAL,GUAYAQUIL,PROPIOS
PICHINCHA,GENERAL,QUITO,PROPIOS
PICHINCHA,GIN,CUENCA,PROPIOS
PICHINCHA,GIN,GUAYAQUIL,PROPIOS
PICHINCHA,GIN,QUITO,PROPIOS
PICHINCHA,ICELAND,QUITO,PROPIOS
PICHINCHA,IMPERIAL,CUENCA,PROPIOS
PICHINCHA,IMPERIAL,GUAYAQUIL,PROPIOS
PICHINCHA,IMPERIAL,QUITO,PROPIOS
PICHINCHA,JABAS PLAPASA,CUENCA,KAM
PICHINCHA,JOHNNIE WALKER,CUENCA,PROPIOS
PICHINCHA,LA PAZ,CUENCA,KAM
PICHINCHA,LAS ROCAS,CUENCA,PROPIOS
PICHINCHA,LAS ROCAS,GUAYAQUIL,PROPIOS
PICHINCHA,LAS ROCAS,QUITO,PROPIOS
PICHINCHA,LATITUD CERO,CUENCA,KAM
PICHINCHA,LATITUD CERO,QUITO,KAM
PICHINCHA,NECTAR VVK,QUITO,PROPIOS
PICHINCHA,RON 100F,CUENCA,PROPIOS
PICHINCHA,RON 100F,GUAYAQUIL,PROPIOS
PICHINCHA,RON 100F,QUITO,PROPIOS
PICHINCHA,SANTA RITA,CUENCA,PROPIOS
PICHINCHA,SANTA RITA,QUITO,PROPIOS
PICHINCHA,SPLASH,CUENCA,PROPIOS
PICHINCHA,SPLASH,QUITO,PROPIOS
PICHINCHA,SUPER COLA,CUENCA,PROPIOS
PICHINCHA,SUPER COLA,QUITO,PROPIOS
PICHINCHA,TH2,CUENCA,PROPIOS
PICHINCHA,TH2,GUAYAQUIL,PROPIOS
PICHINCHA,TH2,QUITO,PROPIOS
PICHINCHA,UNDURRAGA,CUENCA,PROPIOS
PICHINCHA,UNDURRAGA,QUITO,PROPIOS
PICHINCHA,VAT 69,CUENCA,PROPIOS
PICHINCHA,VAT 69,QUITO,PROPIOS
PLAYAS,440,GUAYAQUIL,COBERTURA
PLAYAS,593,GUAYAQUIL,COBERTURA
PLAYAS,593,GUAYAQUIL,DRAFT
PLAYAS,ANCLA,GUAYAQUIL,COBERTURA
PLAYAS,BAVARO,GUAYAQUIL,COBERTURA
PLAYAS,FRUIT,GUAYAQUIL,COBERTURA
PLAYAS,FRUITPUNCH,GUAYAQUIL,COBERTURA
PLAYAS,FRUSS,GUAYAQUIL,COBERTURA
PLAYAS,FUSSION,GUAYAQUIL,COBERTURA
PLAYAS,GIN,GUAYAQUIL,COBERTURA
PLAYAS,IMPERIAL,GUAYAQUIL,COBERTURA
PLAYAS,JOHNNIE WALKER,GUAYAQUIL,COBERTURA
PLAYAS,LA PAZ,GUAYAQUIL,DRAFT
PLAYAS,LAS ROCAS,GUAYAQUIL,COBERTURA
PLAYAS,LATITUD CERO,GUAYAQUIL,DRAFT
PLAYAS,RON 100F,GUAYAQUIL,COBERTURA
PLAYAS,TH2,GUAYAQUIL,COBERTURA
PLAYAS,UNDURRAGA,GUAYAQUIL,COBERTURA
PLAYAS,VAT 69,GUAYAQUIL,COBERTURA
PORTOVELO,ANCLA,GUAYAQUIL,DISTRIBUIDORES
PORTOVIEJO,440,QUITO,DISTRIBUIDORES
PORTOVIEJO,593,CUENCA,DISTRIBUIDORES
PORTOVIEJO,593,QUITO,DISTRIBUIDORES
PORTOVIEJO,AJ.MARCA,CUENCA,DISTRIBUIDORES
PORTOVIEJO,AJ.MARCA,QUITO,DISTRIBUIDORES
PORTOVIEJO,ANCLA,CUENCA,DISTRIBUIDORES
PORTOVIEJO,ANCLA,QUITO,DISTRIBUIDORES
PORTOVIEJO,BAVARO,CUENCA,DISTRIBUIDORES
PORTOVIEJO,BAVARO,GUAYAQUIL,DISTRIBUIDORES
PORTOVIEJO,BAVARO,QUITO,DISTRIBUIDORES
PORTOVIEJO,DEL MONTE,CUENCA,DISTRIBUIDORES
PORTOVIEJO,DEL MONTE,QUITO,DISTRIBUIDORES
PORTOVIEJO,FRUIT,CUENCA,DISTRIBUIDORES
PORTOVIEJO,FRUIT,GUAYAQUIL,DISTRIBUIDORES
PORTOVIEJO,FRUIT,QUITO,DISTRIBUIDORES
PORTOVIEJO,FRUITPUNCH,CUENCA,DISTRIBUIDORES
PORTOVIEJO,FRUITPUNCH,QUITO,DISTRIBUIDORES
PORTOVIEJO,FRUSS,QUITO,DISTRIBUIDORES
PORTOVIEJO,FUSSION,CUENCA,DISTRIBUIDORES
PORTOVIEJO,FUSSION,GUAYAQUIL,DISTRIBUIDORES
PORTOVIEJO,FUSSION,QUITO,DISTRIBUIDORES
PORTOVIEJO,GENERAL,QUITO,DISTRIBUIDORES
PORTOVIEJO,GIN,QUITO,DISTRIBUIDORES
PORTOVIEJO,IMPERIAL,CUENCA,DISTRIBUIDORES
PORTOVIEJO,IMPERIAL,GUAYAQUIL,DISTRIBUIDORES
PORTOVIEJO,IMPERIAL,QUITO,DISTRIBUIDORES
PORTOVIEJO,LATITUD CERO,QUITO,DISTRIBUIDORES
PORTOVIEJO,RON 100F,QUITO,DISTRIBUIDORES
PORTOVIEJO,SUPER COLA,QUITO,DISTRIBUIDORES
PORTOVIEJO,TH2,QUITO,DISTRIBUIDORES
PORTOVIEJO,VAT 69,GUAYAQUIL,DISTRIBUIDORES
PUEBLOVIEJO,440,GUAYAQUIL,COBERTURA
PUEBLOVIEJO,593,GUAYAQUIL,COBERTURA
PUEBLOVIEJO,ANCLA,GUAYAQUIL,COBERTURA
PUEBLOVIEJO,BAVARO,GUAYAQUIL,COBERTURA
PUEBLOVIEJO,FRUIT,GUAYAQUIL,COBERTURA
PUEBLOVIEJO,FRUITPUNCH,GUAYAQUIL,COBERTURA
PUEBLOVIEJO,FRUSS,GUAYAQUIL,COBERTURA
PUEBLOVIEJO,FUSSION,GUAYAQUIL,COBERTURA
PUEBLOVIEJO,FUSSION,QUITO,COBERTURA
PUEBLOVIEJO,IMPERIAL,GUAYAQUIL,COBERTURA
PUEBLOVIEJO,RON 100F,GUAYAQUIL,COBERTURA
PUEBLOVIEJO,VAT 69,GUAYAQUIL,COBERTURA
PUERTO LOPEZ,FRUITPUNCH,QUITO,DISTRIBUIDORES
PUERTO LOPEZ,IMPERIAL,QUITO,DISTRIBUIDORES
QUEVEDO,440,CUENCA,DISTRIBUIDORES
QUEVEDO,440,QUITO,COBERTURA
QUEVEDO,440,QUITO,DISTRIBUIDORES
QUEVEDO,593,CUENCA,COBERTURA
QUEVEDO,593,CUENCA,DISTRIBUIDORES
QUEVEDO,593,QUITO,COBERTURA
QUEVEDO,593,QUITO,DISTRIBUIDORES
QUEVEDO,AJ.MARCA,QUITO,DISTRIBUIDORES
QUEVEDO,ANCLA,CUENCA,DISTRIBUIDORES
QUEVEDO,BAVARO,QUITO,DISTRIBUIDORES
QUEVEDO,DEL MONTE,CUENCA,COBERTURA
QUEVEDO,DEL MONTE,QUITO,COBERTURA
QUEVEDO,FRUIT,CUENCA,COBERTURA
QUEVEDO,FRUIT,CUENCA,DISTRIBUIDORES
QUEVEDO,FRUIT,QUITO,COBERTURA
QUEVEDO,FRUIT,QUITO,DISTRIBUIDORES
QUEVEDO,FRUITPUNCH,CUENCA,DISTRIBUIDORES
QUEVEDO,FRUITPUNCH,QUITO,DISTRIBUIDORES
QUEVEDO,FRUSS,CUENCA,DISTRIBUIDORES
QUEVEDO,FRUSS,QUITO,DISTRIBUIDORES
QUEVEDO,FUSSION,CUENCA,DISTRIBUIDORES
QUEVEDO,FUSSION,QUITO,DISTRIBUIDORES
QUEVEDO,GIN,CUENCA,DISTRIBUIDORES
QUEVEDO,GIN,QUITO,DISTRIBUIDORES
QUEVEDO,IMPERIAL,CUENCA,COBERTURA
QUEVEDO,IMPERIAL,CUENCA,DISTRIBUIDORES
QUEVEDO,IMPERIAL,GUAYAQUIL,DISTRIBUIDORES
QUEVEDO,IMPERIAL,QUITO,COBERTURA
QUEVEDO,IMPERIAL,QUITO,DISTRIBUIDORES
QUEVEDO,JOHNNIE WALKER,QUITO,DISTRIBUIDORES
QUEVEDO,RON 100F,CUENCA,DISTRIBUIDORES
QUEVEDO,RON 100F,GUAYAQUIL,DISTRIBUIDORES
QUEVEDO,RON 100F,QUITO,DISTRIBUIDORES
QUEVEDO,SPLASH,QUITO,COBERTURA
QUEVEDO,VAT 69,QUITO,DISTRIBUIDORES
QUIJOS,FRUIT,QUITO,COBERTURA
QUIJOS,IMPERIAL,QUITO,COBERTURA
QUIJOS,LAS ROCAS,QUITO,COBERTURA
QUIJOS,TH2,QUITO,COBERTURA
QUININDE,440,QUITO,DISTRIBUIDORES
QUININDE,FRUIT,QUITO,DISTRIBUIDORES
QUININDE,FRUSS,QUITO,DISTRIBUIDORES
QUININDE,FUSSION,QUITO,DISTRIBUIDORES
QUININDE,IMPERIAL,QUITO,DISTRIBUIDORES
QUININDE,LAS ROCAS,QUITO,DISTRIBUIDORES
QUININDE,RON 100F,QUITO,DISTRIBUIDORES
QUITO,440,CUENCA,COBERTURA
QUITO,440,CUENCA,DISTRIBUIDORES
QUITO,440,CUENCA,EMPLEADOS
QUITO,440,CUENCA,INSTITUCIONALES
QUITO,440,GUAYAQUIL,COBERTURA
QUITO,440,QUITO,COBERTURA
QUITO,440,QUITO,DISTRIBUIDORES
QUITO,440,QUITO,EMPLEADOS
QUITO,440,QUITO,INSTITUCIONALES
QUITO,440,QUITO,KAM
QUITO,440,QUITO,PREVENTA/DETALLISTA
QUITO,593,CUENCA,COBERTURA
QUITO,593,CUENCA,DISTRIBUIDORES
QUITO,593,CUENCA,INSTITUCIONALES
QUITO,593,CUENCA,KAM
QUITO,593,CUENCA,PROPIOS
QUITO,593,GUAYAQUIL,COBERTURA
QUITO,593,GUAYAQUIL,PROPIOS
QUITO,593,QUITO,COBERTURA
QUITO,593,QUITO,DISTRIBUIDORES
QUITO,593,QUITO,DRAFT
QUITO,593,QUITO,EMPLEADOS
QUITO,593,QUITO,KAM
QUITO,593,QUITO,PROPIOS
QUITO,ACTIVO,CUENCA,PROPIOS
QUITO,AJ.MARCA,CUENCA,COBERTURA
QUITO,AJ.MARCA,CUENCA,DISTRIBUIDORES
QUITO,AJ.MARCA,CUENCA,EMPLEADOS
QUITO,AJ.MARCA,CUENCA,INSTITUCIONALES
QUITO,AJ.MARCA,CUENCA,KAM
QUITO,AJ.MARCA,CUENCA,PROPIOS
QUITO,AJ.MARCA,GUAYAQUIL,DISTRIBUIDORES
QUITO,AJ.MARCA,GUAYAQUIL,KAM
QUITO,AJ.MARCA,QUITO,COBERTURA
QUITO,AJ.MARCA,QUITO,DISTRIBUIDORES
QUITO,AJ.MARCA,QUITO,KAM
QUITO,ANCLA,CUENCA,DISTRIBUIDORES
QUITO,ANCLA,CUENCA,INSTITUCIONALES
QUITO,ANCLA,CUENCA,PROPIOS
QUITO,ANCLA,GUAYAQUIL,COBERTURA
QUITO,ANCLA,GUAYAQUIL,PROPIOS
QUITO,ANCLA,QUITO,COBERTURA
QUITO,ANCLA,QUITO,DISTRIBUIDORES
QUITO,ANCLA,QUITO,EMPLEADOS
QUITO,ANCLA,QUITO,PROPIOS
QUITO,ANTHONY,QUITO,DISTRIBUIDORES
QUITO,BARBANEGRA,CUENCA,DISTRIBUIDORES
QUITO,BARBANEGRA,QUITO,COBERTURA
QUITO,BAVARO,CUENCA,COBERTURA
QUITO,BAVARO,CUENCA,DISTRIBUIDORES
QUITO,BAVARO,CUENCA,KAM
QUITO,BAVARO,QUITO,COBERTURA
QUITO,BAVARO,QUITO,DISTRIBUIDORES
QUITO,BAVARO,QUITO,EMPLEADOS
QUITO,BAVARO,QUITO,INSTITUCIONALES
QUITO,BAVARO,QUITO,KAM
QUITO,BODEGAJE & REAJUSTE,CUENCA,PROPIOS
QUITO,CALAMARES,CUENCA,DISTRIBUIDORES
QUITO,CALAMARES,CUENCA,INSTITUCIONALES
QUITO,CALAMARES,QUITO,INSTITUCIONALES
QUITO,CASTILLO DE LIRA,CUENCA,DISTRIBUIDORES
QUITO,CASTILLO DE LIRA,GUAYAQUIL,COBERTURA
QUITO,CASTILLO DE LIRA,QUITO,COBERTURA
QUITO,CASTILLO DE LIRA,QUITO,DISTRIBUIDORES
QUITO,CRYMS,QUITO,COBERTURA
QUITO,CRYMS,QUITO,DISTRIBUIDORES
QUITO,CRYMS,QUITO,EMPLEADOS
QUITO,DEL MONTE,CUENCA,COBERTURA
QUITO,DEL MONTE,CUENCA,DISTRIBUIDORES
QUITO,DEL MONTE,CUENCA,EMPLEADOS
QUITO,DEL MONTE,CUENCA,INSTITUCIONALES
QUITO,DEL MONTE,CUENCA,OTROS
QUITO,DEL MONTE,GUAYAQUIL,COBERTURA
QUITO,DEL MONTE,GUAYAQUIL,EMPLEADOS
QUITO,DEL MONTE,QUITO,COBERTURA
QUITO,DEL MONTE,QUITO,DISTRIBUIDORES
QUITO,DEL MONTE,QUITO,EMPLEADOS
QUITO,DEL MONTE,QUITO,INSTITUCIONALES
QUITO,DEL MONTE,QUITO,KAM
QUITO,DYC,GUAYAQUIL,COBERTURA
QUITO,DYC,QUITO,COBERTURA
QUITO,DYC,QUITO,DISTRIBUIDORES
QUITO,DYC,QUITO,EMPLEADOS
QUITO,EL KARNAL,QUITO,COBERTURA
QUITO,EL KARNAL,QUITO,EMPLEADOS
QUITO,ENLATADOS,CUENCA,DISTRIBUIDORES
QUITO,ENVASES,QUITO,COBERTURA
QUITO,ENVASES,QUITO,DISTRIBUIDORES
QUITO,ENVASES,QUITO,EMPLEADOS
QUITO,ENVASES,QUITO,KAM
QUITO,FRUIT,CUENCA,COBERTURA
QUITO,FRUIT,CUENCA,DISTRIBUIDORES
QUITO,FRUIT,CUENCA,EMPLEADOS
QUITO,FRUIT,CUENCA,INSTITUCIONALES
QUITO,FRUIT,CUENCA,KAM
QUITO,FRUIT,GUAYAQUIL,COBERTURA
QUITO,FRUIT,GUAYAQUIL,DISTRIBUIDORES
QUITO,FRUIT,QUITO,COBERTURA
QUITO,FRUIT,QUITO,DISTRIBUIDORES
QUITO,FRUIT,QUITO,EMPLEADOS
QUITO,FRUIT,QUITO,INSTITUCIONALES
QUITO,FRUIT,QUITO,KAM
QUITO,FRUIT,QUITO,PROPIOS
QUITO,FRUITPUNCH,CUENCA,DISTRIBUIDORES
QUITO,FRUITPUNCH,CUENCA,KAM
QUITO,FRUITPUNCH,GUAYAQUIL,COBERTURA
QUITO,FRUITPUNCH,GUAYAQUIL,DISTRIBUIDORES
QUITO,FRUITPUNCH,QUITO,COBERTURA
QUITO,FRUITPUNCH,QUITO,DISTRIBUIDORES
QUITO,FRUITPUNCH,QUITO,EMPLEADOS
QUITO,FRUITPUNCH,QUITO,KAM
QUITO,FRUSS,CUENCA,COBERTURA
QUITO,FRUSS,CUENCA,DISTRIBUIDORES
QUITO,FRUSS,CUENCA,EMPLEADOS
QUITO,FRUSS,CUENCA,INSTITUCIONALES
QUITO,FRUSS,CUENCA,KAM
QUITO,FRUSS,GUAYAQUIL,COBERTURA
QUITO,FRUSS,QUITO,COBERTURA
QUITO,FRUSS,QUITO,DISTRIBUIDORES
QUITO,FRUSS,QUITO,EMPLEADOS
QUITO,FRUSS,QUITO,INSTITUCIONALES
QUITO,FRUSS,QUITO,KAM
QUITO,FRUSS,QUITO,PREVENTA/DETALLISTA
QUITO,FUSSION,CUENCA,COBERTURA
QUITO,FUSSION,CUENCA,DISTRIBUIDORES
QUITO,FUSSION,CUENCA,EMPLEADOS
QUITO,FUSSION,CUENCA,KAM
QUITO,FUSSION,GUAYAQUIL,COBERTURA
QUITO,FUSSION,GUAYAQUIL,DISTRIBUIDORES
QUITO,FUSSION,QUITO,COBERTURA
QUITO,FUSSION,QUITO,DISTRIBUIDORES
QUITO,FUSSION,QUITO,EMPLEADOS
QUITO,FUSSION,QUITO,KAM
QUITO,FUSSION,QUITO,PREVENTA/DETALLISTA
QUITO,GASGUA,CUENCA,DISTRIBUIDORES
QUITO,GASGUA,CUENCA,INSTITUCIONALES
QUITO,GASGUA,QUITO,COBERTURA
QUITO,GASGUA,QUITO,DISTRIBUIDORES
QUITO,GASGUA,QUITO,EMPLEADOS
QUITO,GASGUA,QUITO,INSTITUCIONALES
QUITO,GASGUA,QUITO,KAM
QUITO,GENERAL,CUENCA,COBERTURA
QUITO,GENERAL,CUENCA,DISTRIBUIDORES
QUITO,GENERAL,CUENCA,EMPLEADOS
QUITO,GENERAL,CUENCA,INSTITUCIONALES
QUITO,GENERAL,CUENCA,KAM
QUITO,GENERAL,CUENCA,OFICINA/DETALLISTA
QUITO,GENERAL,QUITO,COBERTURA
QUITO,GENERAL,QUITO,DISTRIBUIDORES
QUITO,GENERAL,QUITO,EMPLEADOS
QUITO,GENERAL,QUITO,INSTITUCIONALES
QUITO,GENERAL,QUITO,KAM
QUITO,GIN,QUITO,COBERTURA
QUITO,GIN,QUITO,DISTRIBUIDORES
QUITO,GIN,QUITO,EMPLEADOS
QUITO,GIN,QUITO,INSTITUCIONALES
QUITO,HACIENDA LA PAZ,QUITO,COBERTURA
QUITO,ICELAND,CUENCA,DISTRIBUIDORES
QUITO,ICELAND,QUITO,COBERTURA
QUITO,ICELAND,QUITO,DISTRIBUIDORES
QUITO,ICELAND,QUITO,EMPLEADOS
QUITO,IMPERIAL,CUENCA,COBERTURA
QUITO,IMPERIAL,CUENCA,DISTRIBUIDORES
QUITO,IMPERIAL,CUENCA,EMPLEADOS
QUITO,IMPERIAL,CUENCA,INSTITUCIONALES
QUITO,IMPERIAL,CUENCA,KAM
QUITO,IMPERIAL,GUAYAQUIL,COBERTURA
QUITO,IMPERIAL,GUAYAQUIL,DISTRIBUIDORES
QUITO,IMPERIAL,GUAYAQUIL,INSTITUCIONALES
QUITO,IMPERIAL,GUAYAQUIL,KAM
QUITO,IMPERIAL,QUITO,COBERTURA
QUITO,IMPERIAL,QUITO,DISTRIBUIDORES
QUITO,IMPERIAL,QUITO,EMPLEADOS
QUITO,IMPERIAL,QUITO,INSTITUCIONALES
QUITO,IMPERIAL,QUITO,KAM
QUITO,IMPERIAL,QUITO,OTROS
QUITO,JOHNNIE WALKER,GUAYAQUIL,COBERTURA
QUITO,JOHNNIE WALKER,QUITO,COBERTURA
QUITO,JOHNNIE WALKER,QUITO,EMPLEADOS
QUITO,LA PAZ,CUENCA,COBERTURA
QUITO,LA PAZ,CUENCA,DISTRIBUIDORES
QUITO,LA PAZ,CUENCA,INSTITUCIONALES
QUITO,LA PAZ,CUENCA,KAM
QUITO,LA PAZ,CUENCA,PROPIOS
QUITO,LA PAZ,GUAYAQUIL,PROPIOS
QUITO,LA PAZ,QUITO,EMPLEADOS
QUITO,LA PAZ,QUITO,KAM
QUITO,LA PAZ,QUITO,PROPIOS
QUITO,LAS ROCAS,CUENCA,COBERTURA
QUITO,LAS ROCAS,CUENCA,DISTRIBUIDORES
QUITO,LAS ROCAS,CUENCA,EMPLEADOS
QUITO,LAS ROCAS,CUENCA,INSTITUCIONALES
QUITO,LAS ROCAS,CUENCA,KAM
QUITO,LAS ROCAS,GUAYAQUIL,COBERTURA
QUITO,LAS ROCAS,GUAYAQUIL,DISTRIBUIDORES
QUITO,LAS ROCAS,GUAYAQUIL,INSTITUCIONALES
QUITO,LAS ROCAS,QUITO,COBERTURA
QUITO,LAS ROCAS,QUITO,DISTRIBUIDORES
QUITO,LAS ROCAS,QUITO,EMPLEADOS
QUITO,LAS ROCAS,QUITO,EMPRESAS
QUITO,LAS ROCAS,QUITO,INSTITUCIONALES
QUITO,LAS ROCAS,QUITO,KAM
QUITO,LAS ROCAS,QUITO,PREVENTA/DETALLISTA
QUITO,LAS ROCAS,QUITO,PROPIOS
QUITO,LATITUD,QUITO,COBERTURA
QUITO,LATITUD,QUITO,KAM
QUITO,LATITUD CERO,CUENCA,COBERTURA
QUITO,LATITUD CERO,CUENCA,DISTRIBUIDORES
QUITO,LATITUD CERO,CUENCA,INSTITUCIONALES
QUITO,LATITUD CERO,CUENCA,PROPIOS
QUITO,LATITUD CERO,GUAYAQUIL,PROPIOS
QUITO,LATITUD CERO,QUITO,COBERTURA
QUITO,LATITUD CERO,QUITO,DRAFT
QUITO,LATITUD CERO,QUITO,EMPLEADOS
QUITO,LATITUD CERO,QUITO,PROPIOS
QUITO,LATITUD CERO 4PACK,CUENCA,DISTRIBUIDORES
QUITO,MATERIA PRIMA,CUENCA,PROPIOS
QUITO,MONTANITA,GUAYAQUIL,COBERTURA
QUITO,MONTANITA,QUITO,COBERTURA
QUITO,MONTANITA,QUITO,DISTRIBUIDORES
QUITO,NECTAR VVK,QUITO,COBERTURA
QUITO,NECTAR VVK,QUITO,DISTRIBUIDORES
QUITO,NECTAR VVK,QUITO,EMPLEADOS
QUITO,OTROS,CUENCA,INSTITUCIONALES
QUITO,OTROS,CUENCA,KAM
QUITO,OTROS,QUITO,DRAFT
QUITO,OTROS,QUITO,KAM
QUITO,OTROS PRODUCTOS,CUENCA,PROPIOS
QUITO,RON 100F,CUENCA,COBERTURA
QUITO,RON 100F,CUENCA,DISTRIBUIDORES
QUITO,RON 100F,CUENCA,KAM
QUITO,RON 100F,GUAYAQUIL,COBERTURA
QUITO,RON 100F,QUITO,COBERTURA
QUITO,RON 100F,QUITO,DISTRIBUIDORES
QUITO,RON 100F,QUITO,EMPLEADOS
QUITO,RON 100F,QUITO,INSTITUCIONALES
QUITO,RON 100F,QUITO,KAM
QUITO,SANTA RITA,QUITO,EMPLEADOS
QUITO,SERVICIOS,CUENCA,PROPIOS
QUITO,SPLASH,QUITO,COBERTURA
QUITO,SPLASH,QUITO,DISTRIBUIDORES
QUITO,SPLASH,QUITO,EMPLEADOS
QUITO,SPLASH,QUITO,KAM
QUITO,SPLASH,QUITO,PROPIOS
QUITO,SUPER COLA,QUITO,COBERTURA
QUITO,SUPER COLA,QUITO,DISTRIBUIDORES
QUITO,SUPER COLA,QUITO,EMPLEADOS
QUITO,SUPER COLA,QUITO,KAM
QUITO,TH2,CUENCA,COBERTURA
QUITO,TH2,CUENCA,DISTRIBUIDORES
QUITO,TH2,CUENCA,KAM
QUITO,TH2,QUITO,COBERTURA
QUITO,TH2,QUITO,DISTRIBUIDORES
QUITO,TH2,QUITO,EMPLEADOS
QUITO,TH2,QUITO,KAM
QUITO,UNDURRAGA,QUITO,COBERTURA
QUITO,VAPE HIGH PROMAX,QUITO,COBERTURA
QUITO,VAT 69,QUITO,COBERTURA
QUITO,VAT 69,QUITO,DISTRIBUIDORES
QUITO,VAT 69,QUITO,EMPLEADOS
RIOBAMBA,440,QUITO,DISTRIBUIDORES
RIOBAMBA,593,CUENCA,DISTRIBUIDORES
RIOBAMBA,FRUIT,QUITO,DISTRIBUIDORES
RIOBAMBA,FRUITPUNCH,QUITO,DISTRIBUIDORES
RIOBAMBA,FUSSION,QUITO,DISTRIBUIDORES
RIOBAMBA,GIN,QUITO,DISTRIBUIDORES
RIOBAMBA,IMPERIAL,QUITO,DISTRIBUIDORES
RIOBAMBA,LA PAZ,QUITO,DISTRIBUIDORES
RIOBAMBA,LAS ROCAS,QUITO,DISTRIBUIDORES
RIOBAMBA,LATITUD CERO,CUENCA,DISTRIBUIDORES
RIOBAMBA,LATITUD CERO,QUITO,DISTRIBUIDORES
RIOBAMBA,RON 100F,QUITO,DISTRIBUIDORES
RIOBAMBA,TH2,QUITO,DISTRIBUIDORES
RUMI?AHUI,440,QUITO,COBERTURA
RUMI?AHUI,593,CUENCA,KAM
RUMI?AHUI,593,QUITO,COBERTURA
RUMI?AHUI,AJ.MARCA,CUENCA,KAM
RUMI?AHUI,BAVARO,QUITO,COBERTURA
RUMI?AHUI,CASTILLO DE LIRA,QUITO,COBERTURA
RUMI?AHUI,FRUIT,QUITO,COBERTURA
RUMI?AHUI,FRUITPUNCH,QUITO,COBERTURA
RUMI?AHUI,FRUSS,QUITO,COBERTURA
RUMI?AHUI,FUSSION,QUITO,COBERTURA
RUMI?AHUI,GIN,QUITO,COBERTURA
RUMI?AHUI,IMPERIAL,QUITO,COBERTURA
RUMI?AHUI,LAS ROCAS,QUITO,COBERTURA
RUMI?AHUI,LAS ROCAS,QUITO,INSTITUCIONALES
RUMI?AHUI,LATITUD CERO,CUENCA,KAM
RUMI?AHUI,LATITUD CERO,QUITO,KAM
RUMI?AHUI,RON 100F,QUITO,COBERTURA
RUMI?AHUI,TH2,QUITO,COBERTURA
RUMI?AHUI,VAT 69,QUITO,COBERTURA
SALCEDO,IMPERIAL,QUITO,DISTRIBUIDORES
SAMBORONDON,440,GUAYAQUIL,COBERTURA
SAMBORONDON,593,GUAYAQUIL,COBERTURA
SAMBORONDON,BAVARO,GUAYAQUIL,COBERTURA
SAMBORONDON,FRUIT,GUAYAQUIL,COBERTURA
SAMBORONDON,FRUITPUNCH,GUAYAQUIL,COBERTURA
SAMBORONDON,FRUSS,GUAYAQUIL,COBERTURA
SAMBORONDON,FUSSION,GUAYAQUIL,COBERTURA
SAMBORONDON,IMPERIAL,GUAYAQUIL,COBERTURA
SAMBORONDON,JOHNNIE WALKER,GUAYAQUIL,COBERTURA
SAN FERNANDO,IMPERIAL,CUENCA,DISTRIBUIDORES
SAN JACINTO DE BUENA FE,593,CUENCA,DISTRIBUIDORES
SAN JACINTO DE BUENA FE,ANCLA,CUENCA,DISTRIBUIDORES
SAN JACINTO DE BUENA FE,BAVARO,QUITO,DISTRIBUIDORES
SAN JACINTO DE BUENA FE,FUSSION,QUITO,DISTRIBUIDORES
SAN JACINTO DE BUENA FE,IMPERIAL,QUITO,DISTRIBUIDORES
SAN JACINTO DE YAGUACHI,440,GUAYAQUIL,COBERTURA
SAN JACINTO DE YAGUACHI,FRUIT,GUAYAQUIL,COBERTURA
SAN JACINTO DE YAGUACHI,FUSSION,GUAYAQUIL,COBERTURA
SAN JACINTO DE YAGUACHI,IMPERIAL,GUAYAQUIL,COBERTURA
SAN MIGUEL DE LOS BANCOS,DEL MONTE,QUITO,DISTRIBUIDORES
SAN PEDRO DE PELILEO,FRUIT,QUITO,DISTRIBUIDORES
SANTA CRUZ,440,GUAYAQUIL,DISTRIBUIDORES
SANTA CRUZ,FRUITPUNCH,GUAYAQUIL,DISTRIBUIDORES
SANTA CRUZ,FRUSS,GUAYAQUIL,DISTRIBUIDORES
SANTA CRUZ,FUSSION,GUAYAQUIL,DISTRIBUIDORES
SANTA CRUZ,IMPERIAL,GUAYAQUIL,DISTRIBUIDORES
SANTA CRUZ,RON 100F,GUAYAQUIL,DISTRIBUIDORES
SANTA CRUZ,TH2,GUAYAQUIL,DISTRIBUIDORES
SANTA ELENA,440,GUAYAQUIL,COBERTURA
SANTA ELENA,440,GUAYAQUIL,DISTRIBUIDORES
SANTA ELENA,440,QUITO,DISTRIBUIDORES
SANTA ELENA,593,GUAYAQUIL,COBERTURA
SANTA ELENA,AJ.MARCA,QUITO,DISTRIBUIDORES
SANTA ELENA,BAVARO,GUAYAQUIL,COBERTURA
SANTA ELENA,BAVARO,GUAYAQUIL,DISTRIBUIDORES
SANTA ELENA,BAVARO,QUITO,DISTRIBUIDORES
SANTA ELENA,BOTELLA,GUAYAQUIL,COBERTURA
SANTA ELENA,FRUIT,GUAYAQUIL,COBERTURA
SANTA ELENA,FRUIT,QUITO,DISTRIBUIDORES
SANTA ELENA,FRUITPUNCH,CUENCA,DISTRIBUIDORES
SANTA ELENA,FRUITPUNCH,GUAYAQUIL,COBERTURA
SANTA ELENA,FRUITPUNCH,GUAYAQUIL,DISTRIBUIDORES
SANTA ELENA,FRUITPUNCH,QUITO,DISTRIBUIDORES
SANTA ELENA,FRUSS,GUAYAQUIL,COBERTURA
SANTA ELENA,FRUSS,QUITO,DISTRIBUIDORES
SANTA ELENA,FUSSION,CUENCA,DISTRIBUIDORES
SANTA ELENA,FUSSION,GUAYAQUIL,COBERTURA
SANTA ELENA,FUSSION,GUAYAQUIL,DISTRIBUIDORES
SANTA ELENA,FUSSION,QUITO,DISTRIBUIDORES
SANTA ELENA,GIN,GUAYAQUIL,COBERTURA
SANTA ELENA,GIN,QUITO,DISTRIBUIDORES
SANTA ELENA,IMPERIAL,CUENCA,DISTRIBUIDORES
SANTA ELENA,IMPERIAL,GUAYAQUIL,COBERTURA
SANTA ELENA,IMPERIAL,GUAYAQUIL,DISTRIBUIDORES
SANTA ELENA,IMPERIAL,QUITO,DISTRIBUIDORES
SANTA ELENA,JABAS PLAPASA,GUAYAQUIL,COBERTURA
SANTA ELENA,RON 100F,GUAYAQUIL,COBERTURA
SANTA ELENA,RON 100F,GUAYAQUIL,DISTRIBUIDORES
SANTA ELENA,RON 100F,QUITO,DISTRIBUIDORES
SANTA ELENA,TH2,GUAYAQUIL,COBERTURA
SANTA ELENA,TH2,GUAYAQUIL,DISTRIBUIDORES
SANTA ELENA,TH2,QUITO,DISTRIBUIDORES
SANTA ELENA,VAT 69,GUAYAQUIL,COBERTURA
SANTA ISABEL,AJ.MARCA,CUENCA,DISTRIBUIDORES
SANTA ISABEL,AJ.MARCA,CUENCA,MAYORISTA
SANTA ISABEL,GASGUA,CUENCA,DISTRIBUIDORES
SANTA ISABEL,GASGUA,CUENCA,MAYORISTA
SANTA LUCIA,440,GUAYAQUIL,COBERTURA
SANTA LUCIA,FRUIT,GUAYAQUIL,COBERTURA
SANTA LUCIA,FUSSION,GUAYAQUIL,COBERTURA
SANTA ROSA,440,GUAYAQUIL,DISTRIBUIDORES
SANTA ROSA,440,QUITO,DISTRIBUIDORES
SANTA ROSA,BAVARO,GUAYAQUIL,DISTRIBUIDORES
SANTA ROSA,BAVARO,QUITO,DISTRIBUIDORES
SANTA ROSA,FRUITPUNCH,GUAYAQUIL,DISTRIBUIDORES
SANTA ROSA,FRUITPUNCH,QUITO,DISTRIBUIDORES
SANTA ROSA,FUSSION,GUAYAQUIL,DISTRIBUIDORES
SANTA ROSA,FUSSION,QUITO,DISTRIBUIDORES
SANTA ROSA,IMPERIAL,GUAYAQUIL,DISTRIBUIDORES
SANTA ROSA,IMPERIAL,QUITO,DISTRIBUIDORES
SANTA ROSA,TH2,GUAYAQUIL,DISTRIBUIDORES
SANTO DOMINGO,440,CUENCA,DISTRIBUIDORES
SANTO DOMINGO,440,QUITO,DISTRIBUIDORES
SANTO DOMINGO,593,CUENCA,DISTRIBUIDORES
SANTO DOMINGO,AJ.MARCA,CUENCA,DISTRIBUIDORES
SANTO DOMINGO,AJ.MARCA,QUITO,DISTRIBUIDORES
SANTO DOMINGO,ANCLA,CUENCA,DISTRIBUIDORES
SANTO DOMINGO,BAVARO,QUITO,DISTRIBUIDORES
SANTO DOMINGO,FRUIT,CUENCA,DISTRIBUIDORES
SANTO DOMINGO,FRUIT,QUITO,DISTRIBUIDORES
SANTO DOMINGO,FRUITPUNCH,QUITO,DISTRIBUIDORES
SANTO DOMINGO,FRUSS,QUITO,DISTRIBUIDORES
SANTO DOMINGO,FUSSION,CUENCA,DISTRIBUIDORES
SANTO DOMINGO,FUSSION,GUAYAQUIL,DISTRIBUIDORES
SANTO DOMINGO,FUSSION,QUITO,DISTRIBUIDORES
SANTO DOMINGO,GENERAL,QUITO,DISTRIBUIDORES
SANTO DOMINGO,GIN,QUITO,DISTRIBUIDORES
SANTO DOMINGO,IMPERIAL,CUENCA,DISTRIBUIDORES
SANTO DOMINGO,IMPERIAL,QUITO,DISTRIBUIDORES
SANTO DOMINGO,JOHNNIE WALKER,QUITO,DISTRIBUIDORES
SANTO DOMINGO,LAS ROCAS,CUENCA,DISTRIBUIDORES
SANTO DOMINGO,LAS ROCAS,QUITO,DISTRIBUIDORES
SANTO DOMINGO,LATITUD CERO,QUITO,DRAFT
SANTO DOMINGO,OTROS,QUITO,DRAFT
SANTO DOMINGO,RON 100F,QUITO,DISTRIBUIDORES
SANTO DOMINGO,SUPER COLA,QUITO,DISTRIBUIDORES
SANTO DOMINGO,TH2,QUITO,DISTRIBUIDORES
SANTO DOMINGO,VAT 69,QUITO,DISTRIBUIDORES
SUCUMBIOS,IMPERIAL,CUENCA,DISTRIBUIDORES
TULCAN,440,QUITO,DISTRIBUIDORES
TULCAN,AJ.MARCA,QUITO,DISTRIBUIDORES
TULCAN,ANCLA,QUITO,DISTRIBUIDORES
TULCAN,BAVARO,QUITO,DISTRIBUIDORES
TULCAN,FRUIT,QUITO,DISTRIBUIDORES
TULCAN,FRUSS,QUITO,DISTRIBUIDORES
TULCAN,FUSSION,QUITO,DISTRIBUIDORES
TULCAN,GIN,QUITO,DISTRIBUIDORES
TULCAN,IMPERIAL,QUITO,DISTRIBUIDORES
TULCAN,LAS ROCAS,QUITO,DISTRIBUIDORES
TULCAN,RON 100F,QUITO,DISTRIBUIDORES
TULCAN,TH2,QUITO,DISTRIBUIDORES
URBINA JADO - EL SALITRE (LAS RAMAS),440,GUAYAQUIL,COBERTURA
URBINA JADO - EL SALITRE (LAS RAMAS),593,GUAYAQUIL,COBERTURA
URBINA JADO - EL SALITRE (LAS RAMAS),ANCLA,GUAYAQUIL,COBERTURA
URBINA JADO - EL SALITRE (LAS RAMAS),BAVARO,GUAYAQUIL,COBERTURA
URBINA JADO - EL SALITRE (LAS RAMAS),FRUIT,GUAYAQUIL,COBERTURA
URBINA JADO - EL SALITRE (LAS RAMAS),FUSSION,GUAYAQUIL,COBERTURA
URBINA JADO - EL SALITRE (LAS RAMAS),IMPERIAL,GUAYAQUIL,COBERTURA
URDANETA,440,GUAYAQUIL,COBERTURA
URDANETA,FRUIT,GUAYAQUIL,COBERTURA
URDANETA,FRUITPUNCH,GUAYAQUIL,COBERTURA
URDANETA,FRUSS,GUAYAQUIL,COBERTURA
URDANETA,FUSSION,GUAYAQUIL,COBERTURA
URDANETA,IMPERIAL,GUAYAQUIL,COBERTURA
VENTANAS,440,GUAYAQUIL,COBERTURA
VENTANAS,593,GUAYAQUIL,COBERTURA
VENTANAS,BAVARO,GUAYAQUIL,COBERTURA
VENTANAS,FRUIT,GUAYAQUIL,COBERTURA
VENTANAS,FRUITPUNCH,GUAYAQUIL,COBERTURA
VENTANAS,FRUSS,GUAYAQUIL,COBERTURA
VENTANAS,FUSSION,GUAYAQUIL,COBERTURA
VENTANAS,FUSSION,QUITO,COBERTURA
VENTANAS,IMPERIAL,GUAYAQUIL,COBERTURA
VENTANAS,MONTANITA,GUAYAQUIL,COBERTURA
VENTANAS,RON 100F,GUAYAQUIL,COBERTURA
VINCES,440,GUAYAQUIL,COBERTURA
VINCES,FRUIT,GUAYAQUIL,COBERTURA
VINCES,FRUITPUNCH,GUAYAQUIL,COBERTURA
VINCES,FUSSION,GUAYAQUIL,COBERTURA
VINCES,IMPERIAL,GUAYAQUIL,COBERTURA
VINCES,UNDURRAGA,GUAYAQUIL,COBERTURA
VINCES,VAT 69,GUAYAQUIL,COBERTURA
ZAMORA,440,CUENCA,COBERTURA
ZAMORA,440,CUENCA,DISTRIBUIDORES
ZAMORA,593,CUENCA,DRAFT
ZAMORA,FRUIT,CUENCA,DISTRIBUIDORES
ZAMORA,IMPERIAL,CUENCA,COBERTURA
ZAMORA,IMPERIAL,CUENCA,DISTRIBUIDORES
ZAMORA,LA PAZ,CUENCA,DRAFT
ZAMORA,LAS ROCAS,CUENCA,COBERTURA
ZAMORA,LATITUD CERO,CUENCA,DRAFT
ZAMORA,OTROS,CUENCA,DRAFT
ZAMORA,RON 100F,CUENCA,DISTRIBUIDORES
ZAMORA,SUPER COLA,CUENCA,DISTRIBUIDORES
ZARUMA,440,GUAYAQUIL,DISTRIBUIDORES
ZARUMA,440,QUITO,DISTRIBUIDORES
ZARUMA,FRUIT,QUITO,DISTRIBUIDORES
ZARUMA,FRUSS,QUITO,DISTRIBUIDORES
ZARUMA,FUSSION,CUENCA,DISTRIBUIDORES
ZARUMA,FUSSION,QUITO,DISTRIBUIDORES
ZARUMA,IMPERIAL,CUENCA,DISTRIBUIDORES
ZARUMA,IMPERIAL,GUAYAQUIL,DISTRIBUIDORES
ZARUMA,IMPERIAL,QUITO,DISTRIBUIDORES
ZARUMA,LAS ROCAS,CUENCA,DISTRIBUIDORES
ZARUMA,LAS ROCAS,QUITO,DISTRIBUIDORES
